Entity,Year,military_expenditure,military_expenditure_share_gdp,military_expenditure_per_capita
Afghanistan,2015,176640494.0,0.99,5.8
Afghanistan,2016,174987948.0,0.96,5.25
Afghanistan,2017,172058282.0,0.95,5.27
Afghanistan,2018,187916789.0,1.01,5.33
Afghanistan,2019,225835644.0,1.12,5.94
Afghanistan,2020,261682436.0,1.37,7.18
Africa,2015,39570862182.0,,
Africa,2016,38847125088.0,,
Africa,2017,37083855528.0,,
Africa,2018,36126322706.0,,
Africa,2019,36583632712.0,,
Africa,2020,37234364310.0,,
Albania,2015,162150867.0,1.16,45.79
Albania,2016,156065492.0,1.1,45.33
Albania,2017,161962079.0,1.11,50.06
Albania,2018,175319336.0,1.16,61.01
Albania,2019,197225913.0,1.29,68.46
Albania,2020,216383147.0,1.54,77.15
Algeria,2015,10484028972.0,6.27,262.1
Algeria,2016,10515321072.0,6.38,251.95
Algeria,2017,9958528216.0,5.92,243.38
Algeria,2018,9550713678.0,5.47,226.95
Algeria,2019,10303600575.0,6.02,239.32
Algeria,2020,9957840537.0,6.66,221.39
Angola,2015,2824633368.0,3.11,129.4
Angola,2016,2256721358.0,2.73,95.83
Angola,2017,1952497005.0,2.51,102.72
Angola,2018,1609807292.0,1.87,64.38
Angola,2019,1470938717.0,1.64,46.22
Angola,2020,1300872545.0,1.62,30.23
Argentina,2015,3613435328.0,0.85,127.28
Argentina,2016,3515461294.0,0.81,103.65
Argentina,2017,3869625628.0,0.86,124.26
Argentina,2018,3443181399.0,0.75,86.63
Argentina,2019,3132654926.0,0.71,69.96
Argentina,2020,3142676266.0,0.76,64.32
Armenia,2015,460719996.0,4.24,152.92
Armenia,2016,452983559.0,4.09,146.93
Armenia,2017,463672691.0,3.85,150.64
Armenia,2018,523375920.0,4.12,173.88
Armenia,2019,652000175.0,4.77,220.44
Armenia,2020,635254318.0,4.86,213.94
Asia,2015,567287777157.0,,
Asia,2016,562489526775.0,,
Asia,2017,594898100633.0,,
Asia,2018,614999626739.0,,
Asia,2019,617128801999.0,,
Asia,2020,618573232430.0,,
Australia,2015,23796905884.0,1.95,1004.75
Australia,2016,26058671298.0,2.08,1087.39
Australia,2017,26012063539.0,2.0,1126.36
Australia,2018,25390997544.0,1.89,1077.98
Australia,2019,26079346314.0,1.88,1034.76
Australia,2020,27617686554.0,2.06,1079.86
Austria,2015,2869920565.0,0.7,307.12
Austria,2016,3088607962.0,0.73,329.92
Austria,2017,3243028593.0,0.76,357.5
Austria,2018,3262811045.0,0.74,381.04
Austria,2019,3237796686.0,0.73,361.56
Austria,2020,3494175818.0,0.84,399.9
Azerbaijan,2015,2329543422.0,5.46,301.43
Azerbaijan,2016,1553776178.0,3.69,143.48
Azerbaijan,2017,1630927001.0,3.76,155.29
Azerbaijan,2018,1715829838.0,3.56,168.07
Azerbaijan,2019,1854235294.0,3.87,184.54
Azerbaijan,2020,2172590799.0,5.39,220.7
Bahrain,2015,1549716591.0,4.63,1051.15
Bahrain,2016,1573894873.0,4.67,1055.93
Bahrain,2017,1580381790.0,4.34,1025.86
Bahrain,2018,1543025081.0,4.07,973.38
Bahrain,2019,1557712766.0,4.06,949.15
Bahrain,2020,1404787234.0,4.07,825.58
Bangladesh,2015,3230183084.0,1.35,18.02
Bangladesh,2016,3550122867.0,1.37,20.51
Bangladesh,2017,3459044148.0,1.24,20.45
Bangladesh,2018,3808489725.0,1.26,22.62
Bangladesh,2019,4348501895.0,1.35,26.67
Bangladesh,2020,4335139654.0,1.3,27.68
Belarus,2015,710004495.0,1.26,75.21
Belarus,2016,668325732.0,1.25,62.69
Belarus,2017,641946838.0,1.15,66.2
Belarus,2018,730266177.0,1.18,75.08
Belarus,2019,773713029.0,1.23,81.85
Belarus,2020,785018880.0,1.25,89.37
Belgium,2015,4573229736.0,0.91,372.26
Belgium,2016,4554541349.0,0.89,374.79
Belgium,2017,4557430254.0,0.88,388.17
Belgium,2018,4656985737.0,0.89,421.53
Belgium,2019,4761195701.0,0.89,412.61
Belgium,2020,5330043077.0,1.08,471.21
Belize,2015,20573895.0,1.14,54.63
Belize,2016,22506447.0,1.22,58.94
Belize,2017,23635958.0,1.26,61.36
Belize,2018,24516471.0,1.29,63.24
Belize,2019,24472112.0,1.33,62.69
Belize,2020,24311641.0,1.57,61.63
Benin,2015,92560865.0,0.8,8.59
Benin,2016,81893387.0,0.67,7.32
Benin,2017,115788701.0,0.92,10.39
Benin,2018,84777276.0,0.63,7.85
Benin,2019,68112390.0,0.47,5.77
Benin,2020,68812207.0,0.47,5.92
Bolivia,2015,638250809.0,1.74,52.95
Bolivia,2016,591390226.0,1.63,50.07
Bolivia,2017,599823109.0,1.54,51.29
Bolivia,2018,630081737.0,1.54,54.51
Bolivia,2019,598213046.0,1.46,51.96
Bolivia,2020,597974814.0,1.57,52.17
Bosnia and Herzegovina,2015,165688093.0,1.0,47.3
Bosnia and Herzegovina,2016,164360144.0,0.93,46.63
Bosnia and Herzegovina,2017,158293107.0,0.86,46.62
Bosnia and Herzegovina,2018,164128016.0,0.85,51.77
Bosnia and Herzegovina,2019,165369204.0,0.82,50.1
Bosnia and Herzegovina,2020,165740110.0,0.88,51.06
Botswana,2015,407357707.0,2.66,180.95
Botswana,2016,571785876.0,3.29,238.19
Botswana,2017,534318018.0,3.01,236.92
Botswana,2018,485761919.0,2.68,220.97
Botswana,2019,514720930.0,2.81,223.43
Botswana,2020,571041826.0,3.5,232.08
Brazil,2015,25110536458.0,1.37,120.4
Brazil,2016,23835797620.0,1.35,117.5
Brazil,2017,25389543399.0,1.41,140.79
Brazil,2018,27074280490.0,1.49,134.52
Brazil,2019,25906871197.0,1.41,122.75
Brazil,2020,25101252046.0,1.44,92.85
Brunei,2015,423503694.0,3.28,1021.95
Brunei,2016,406024099.0,3.54,960.87
Brunei,2017,354008823.0,2.87,816.78
Brunei,2018,352370354.0,2.64,833.9
Brunei,2019,414728739.0,3.08,957.15
Brunei,2020,440055230.0,4.08,997.86
Bulgaria,2015,685614763.0,1.25,87.85
Bulgaria,2016,734485973.0,1.25,93.76
Bulgaria,2017,761497439.0,1.23,101.38
Bulgaria,2018,940150206.0,1.45,136.32
Bulgaria,2019,2158557527.0,3.15,308.36
Bulgaria,2020,1210453851.0,1.82,179.5
Burkina Faso,2015,150163467.0,1.42,8.17
Burkina Faso,2016,151433210.0,1.38,8.02
Burkina Faso,2017,188070584.0,1.56,9.95
Burkina Faso,2018,280636680.0,2.17,15.48
Burkina Faso,2019,357921558.0,2.61,17.61
Burkina Faso,2020,368214699.0,2.73,18.3
Burundi,2015,66714481.0,2.2,6.51
Burundi,2016,66754455.0,2.12,6.34
Burundi,2017,57520894.0,1.87,5.9
Burundi,2018,62705167.0,1.88,5.86
Burundi,2019,84689414.0,2.5,7.34
Burundi,2020,65169280.0,1.98,5.67
Cambodia,2015,361197327.0,1.8,20.95
Cambodia,2016,411157737.0,1.91,24.24
Cambodia,2017,478281683.0,2.07,28.62
Cambodia,2018,552587739.0,2.22,33.43
Cambodia,2019,595407618.0,2.23,36.11
Cambodia,2020,634735997.0,2.45,38.7
Cameroon,2015,375423704.0,1.14,15.19
Cameroon,2016,408563107.0,1.19,16.19
Cameroon,2017,421688924.0,1.17,16.61
Cameroon,2018,417726167.0,1.11,17.05
Cameroon,2019,422294772.0,1.09,16.32
Cameroon,2020,375736642.0,1.01,14.82
Canada,2015,18576528211.0,1.15,497.9
Canada,2016,18822933716.0,1.16,488.77
Canada,2017,22737420107.0,1.35,606.27
Canada,2018,22632430416.0,1.32,613.07
Canada,2019,22204408440.0,1.28,593.53
Canada,2020,22854074305.0,1.42,602.9
Cape Verde,2015,9163767.0,0.56,17.0
Cape Verde,2016,10627361.0,0.61,19.15
Cape Verde,2017,9552870.0,0.53,17.4
Cape Verde,2018,10276050.0,0.54,19.7
Cape Verde,2019,9728061.0,0.49,17.69
Cape Verde,2020,10969940.0,0.59,20.29
Central African Republic,2015,30834687.0,1.69,
Central African Republic,2016,29706417.0,1.53,
Central African Republic,2017,28868377.0,1.44,5.99
Central African Republic,2018,29822279.0,1.43,6.54
Central African Republic,2019,40777667.0,1.92,8.59
Central African Republic,2020,39403412.0,1.87,8.55
Chad,2015,224990090.0,2.02,15.66
Chad,2016,318612653.0,3.07,21.26
Chad,2017,226697349.0,2.24,14.59
Chad,2018,237785783.0,2.34,16.36
Chad,2019,234709655.0,2.19,14.72
Chad,2020,308459280.0,3.08,19.66
Chile,2015,4796522755.0,1.9,257.7
Chile,2016,4954453156.0,1.92,263.39
Chile,2017,5195730541.0,1.94,290.74
Chile,2018,5184587161.0,1.86,296.11
Chile,2019,5182156529.0,1.84,273.44
Chile,2020,5036441830.0,1.85,240.67
China,2015,192843125211.0,1.75,139.7
China,2016,203944216417.0,1.77,140.4
China,2017,216487099942.0,1.75,148.09
China,2018,229168100156.0,1.74,162.88
China,2019,240332555458.0,1.73,167.62
China,2020,244933509535.0,1.75,175.29
Colombia,2015,9146459727.0,3.11,192.07
Colombia,2016,9017887616.0,3.07,180.09
Colombia,2017,9623322232.0,3.21,204.83
Colombia,2018,9457781640.0,3.06,204.08
Colombia,2019,10167547856.0,3.14,201.98
Colombia,2020,10132720082.0,3.38,181.13
Congo,2016,527526325.0,6.45,100.75
Congo,2017,385326374.0,4.21,72.78
Congo,2018,283305541.0,2.51,55.73
Congo,2019,299953239.0,2.75,55.75
Congo,2020,285908111.0,3.38,54.07
Costa Rica,2015,0.0,0.0,0.0
Costa Rica,2016,0.0,0.0,0.0
Costa Rica,2017,0.0,0.0,0.0
Costa Rica,2018,0.0,0.0,0.0
Costa Rica,2019,0.0,0.0,0.0
Costa Rica,2020,0.0,0.0,0.0
Cote d'Ivoire,2015,578759344.0,1.72,24.53
Cote d'Ivoire,2016,609503244.0,1.71,25.29
Cote d'Ivoire,2017,498847875.0,1.33,20.52
Cote d'Ivoire,2018,570124355.0,1.41,24.25
Cote d'Ivoire,2019,535951382.0,1.23,20.84
Cote d'Ivoire,2020,589217534.0,1.33,23.02
Croatia,2015,935487277.0,1.78,208.64
Croatia,2016,889741394.0,1.62,198.8
Croatia,2017,945296232.0,1.67,220.15
Croatia,2018,923411969.0,1.57,232.5
Croatia,2019,1001812141.0,1.65,242.55
Croatia,2020,1030843390.0,1.85,252.1
Cuba,2015,,3.08,10.45
Cuba,2016,,3.07,10.91
Cuba,2017,,2.87,10.81
Cuba,2018,,2.88,11.34
Cyprus,2015,333558126.0,1.65,282.43
Cyprus,2016,305660535.0,1.41,252.4
Cyprus,2017,362630157.0,1.58,304.37
Cyprus,2018,428297599.0,1.78,378.73
Cyprus,2019,401589790.0,1.61,335.06
Cyprus,2020,413921629.0,1.78,346.86
Czechia,2015,2069124490.0,0.95,167.89
Czechia,2016,2242829169.0,1.0,184.1
Czechia,2017,2240000607.0,0.96,195.26
Czechia,2018,2641429113.0,1.09,254.09
Czechia,2019,2910252497.0,1.16,272.26
Czechia,2020,3186836708.0,1.35,303.72
Democratic Republic of Congo,2015,525260903.0,1.3,6.44
Democratic Republic of Congo,2016,448872601.0,1.07,5.02
Democratic Republic of Congo,2017,354531043.0,0.77,3.63
Democratic Republic of Congo,2018,305145567.0,0.62,3.51
Democratic Republic of Congo,2019,352709566.0,0.71,4.06
Democratic Republic of Congo,2020,364338889.0,0.75,4.04
Denmark,2015,3495575049.0,1.11,591.36
Denmark,2016,3726730557.0,1.15,629.05
Denmark,2017,3801898625.0,1.14,656.64
Denmark,2018,4349264258.0,1.28,792.52
Denmark,2019,4556755136.0,1.3,789.48
Denmark,2020,4838203273.0,1.44,855.18
Dominican Republic,2015,445106291.0,0.64,44.55
Dominican Republic,2016,469380035.0,0.63,46.14
Dominican Republic,2017,520612145.0,0.67,50.71
Dominican Republic,2018,583438648.0,0.69,55.86
Dominican Republic,2019,613299023.0,0.69,57.11
Dominican Republic,2020,627495894.0,0.75,55.22
Ecuador,2015,2654525745.0,2.62,160.22
Ecuador,2016,2524731093.0,2.51,152.4
Ecuador,2017,2463717418.0,2.36,146.72
Ecuador,2018,2556181723.0,2.35,149.22
Ecuador,2019,2399900000.0,2.23,138.13
Ecuador,2020,2243500000.0,2.41,127.16
Egypt,2015,4816481665.0,1.72,59.23
Egypt,2016,4537699227.0,1.67,47.78
Egypt,2017,3828923436.0,1.42,28.68
Egypt,2018,3762124711.0,1.25,31.7
Egypt,2019,3743671452.0,1.18,37.29
Egypt,2020,4015802872.0,1.22,44.03
El Salvador,2015,254655218.0,1.06,39.16
El Salvador,2016,253024020.0,1.02,38.95
El Salvador,2017,263943334.0,1.04,40.84
El Salvador,2018,294831912.0,1.13,45.88
El Salvador,2019,317200000.0,1.17,49.15
El Salvador,2020,371487092.0,1.5,57.4
Equatorial Guinea,2015,144393852.0,1.04,117.46
Equatorial Guinea,2016,144809040.0,1.24,114.55
Equatorial Guinea,2017,139235459.0,1.1,107.93
Equatorial Guinea,2018,143120224.0,1.07,114.21
Equatorial Guinea,2019,160714590.0,1.31,118.52
Estonia,2015,512764457.0,2.01,352.44
Estonia,2016,551199602.0,2.05,378.01
Estonia,2017,567334208.0,2.01,407.34
Estonia,2018,596579177.0,2.01,464.84
Estonia,2019,637035378.0,2.02,480.55
Estonia,2020,687161230.0,2.31,528.45
Eswatini,2015,79985661.0,1.81,66.6
Eswatini,2016,93724782.0,2.1,72.29
Eswatini,2017,86403228.0,1.96,78.02
Eswatini,2018,90162028.0,2.04,84.37
Eswatini,2019,86532286.0,1.89,75.37
Eswatini,2020,82221533.0,1.84,64.74
Ethiopia,2015,489391174.0,0.71,4.39
Ethiopia,2016,537319762.0,0.7,4.73
Ethiopia,2017,545246668.0,0.67,4.7
Ethiopia,2018,559944624.0,0.64,4.69
Ethiopia,2019,544839430.0,0.59,4.86
Ethiopia,2020,460443218.0,0.48,4.01
Europe,2015,332819978247.0,,
Europe,2016,346007302738.0,,
Europe,2017,336975437302.0,,
Europe,2018,342980342323.0,,
Europe,2019,360540501151.0,,
Europe,2020,374731249575.0,,
Fiji,2015,47254611.0,0.91,49.06
Fiji,2016,58015059.0,1.1,62.37
Fiji,2017,76549742.0,1.4,85.79
Fiji,2018,80253445.0,1.47,92.11
Fiji,2019,79497172.0,1.46,89.33
Fiji,2020,75068125.0,1.75,82.0
Finland,2015,3543211242.0,1.45,620.15
Finland,2016,3557112109.0,1.42,621.17
Finland,2017,3496192853.0,1.35,622.55
Finland,2018,3600086106.0,1.36,680.29
Finland,2019,3629646216.0,1.35,656.1
Finland,2020,3985993311.0,1.53,737.73
France,2015,48032684130.0,1.87,708.23
France,2016,49894985323.0,1.92,732.52
France,2017,50551452201.0,1.91,758.69
France,2018,49304351246.0,1.85,791.04
France,2019,50118929212.0,1.85,769.52
France,2020,51572230107.0,2.07,808.09
Gabon,2015,193464549.0,1.19,87.48
Gabon,2016,226198705.0,1.45,101.01
Gabon,2017,287633864.0,1.81,129.52
Gabon,2018,253854052.0,1.55,123.26
Gabon,2019,266879196.0,1.58,122.84
Gabon,2020,258872826.0,1.76,121.98
Gambia,2015,15599785.0,1.01,6.85
Gambia,2018,11821741.0,0.7,5.04
Gambia,2019,14529116.0,0.81,6.19
Gambia,2020,14337766.0,0.83,6.13
Georgia,2015,281156139.0,2.0,74.43
Georgia,2016,302121377.0,2.08,78.5
Georgia,2017,306666923.0,1.97,80.11
Georgia,2018,314930909.0,1.9,83.42
Georgia,2019,310614129.0,1.75,77.72
Georgia,2020,304485193.0,1.81,73.24
Germany,2015,40566228491.0,1.14,466.7
Germany,2016,42268673945.0,1.15,484.89
Germany,2017,43467677589.0,1.15,510.66
Germany,2018,44670366040.0,1.17,558.48
Germany,2019,49007512315.0,1.27,586.8
Germany,2020,51570203502.0,1.4,629.77
Ghana,2015,209307455.0,0.53,6.84
Ghana,2016,158142572.0,0.38,5.68
Ghana,2017,180722777.0,0.4,6.49
Ghana,2018,205134186.0,0.42,7.34
Ghana,2019,233320137.0,0.44,7.67
Ghana,2020,236717003.0,0.45,7.72
Greece,2015,4920833836.0,2.47,451.99
Greece,2016,5125919071.0,2.58,467.58
Greece,2017,5121826838.0,2.56,481.4
Greece,2018,5474629710.0,2.71,547.14
Greece,2019,5471562920.0,2.66,522.42
Greece,2020,5236970762.0,2.8,508.62
Guatemala,2015,294630109.0,0.43,15.53
Guatemala,2016,322777553.0,0.46,17.54
Guatemala,2017,282500627.0,0.4,16.26
Guatemala,2018,276703946.0,0.39,15.83
Guatemala,2019,331882552.0,0.47,18.88
Guatemala,2020,336620574.0,0.48,19.13
Guinea,2015,249217802.0,2.52,19.37
Guinea,2016,201668182.0,1.88,13.79
Guinea,2017,212171764.0,1.77,15.05
Guinea,2018,211295540.0,1.64,15.88
Guinea,2019,197754331.0,1.45,15.48
Guinea,2020,201191663.0,1.46,15.97
Guinea-Bissau,2015,17861922.0,1.63,9.81
Guinea-Bissau,2016,16294262.0,1.34,8.83
Guinea-Bissau,2017,19181477.0,1.42,10.41
Guinea-Bissau,2018,19147789.0,1.41,
Guinea-Bissau,2019,22571242.0,1.65,
Guinea-Bissau,2020,22434104.0,1.74,11.84
Guyana,2015,48834669.0,1.45,60.5
Guyana,2016,53963818.0,1.48,66.85
Guyana,2017,60913230.0,1.65,76.77
Guyana,2018,62822610.0,1.59,79.26
Guyana,2019,67206938.0,1.6,85.86
Guyana,2020,65523779.0,1.2,83.93
Haiti,2015,68582.0,0.0,
Haiti,2016,66619.0,0.0,
Haiti,2017,71866.0,0.0,0.01
Haiti,2018,124597.0,0.0,0.01
Haiti,2019,113017.0,0.0,0.01
Haiti,2020,225215.0,0.0,0.02
Honduras,2015,364991831.0,1.67,39.09
Honduras,2016,381215036.0,1.66,39.18
Honduras,2017,415677036.0,1.72,42.26
Honduras,2018,392189506.0,1.61,40.19
Honduras,2019,407390258.0,1.62,41.8
Honduras,2020,392467588.0,1.66,40.65
Hungary,2015,1188874505.0,0.91,115.82
Hungary,2016,1358120946.0,1.0,132.13
Hungary,2017,1473245377.0,1.03,150.36
Hungary,2018,1721317589.0,1.12,184.55
Hungary,2019,2051055453.0,1.25,211.78
Hungary,2020,2463029604.0,1.61,249.42
Iceland,2015,0.0,,0.0
Iceland,2016,0.0,,0.0
Iceland,2017,0.0,,0.0
Iceland,2018,0.0,,0.0
Iceland,2019,0.0,,0.0
Iceland,2020,0.0,,0.0
India,2015,56773061803.0,2.46,39.15
India,2016,62567470240.0,2.54,42.76
India,2017,67522123906.0,2.53,48.23
India,2018,69285424596.0,2.43,48.98
India,2019,71468900524.0,2.52,52.3
India,2020,73000865183.0,2.88,52.82
Indonesia,2015,8214386437.0,0.88,29.39
Indonesia,2016,7665907813.0,0.79,28.28
Indonesia,2017,8837457932.0,0.87,33.24
Indonesia,2018,7835234851.0,0.73,28.23
Indonesia,2019,9003028193.0,0.8,33.27
Indonesia,2020,9487524780.0,0.86,34.35
Iran,2015,13961684609.0,2.76,134.9
Iran,2016,16028488629.0,2.97,154.14
Iran,2017,18034184838.0,3.11,172.69
Iran,2018,15257258292.0,2.46,137.3
Iran,2019,12528450211.0,2.1,151.1
Iran,2020,12150789862.0,2.16,188.41
Iraq,2015,9492675511.0,5.41,269.99
Iraq,2016,5941910885.0,3.5,163.08
Iraq,2017,7380168271.0,3.86,197.49
Iraq,2018,6269562939.0,2.85,164.39
Iraq,2019,7598829336.0,3.38,193.31
Iraq,2020,6994394036.0,4.05,174.42
Ireland,2015,1024468098.0,0.34,214.3
Ireland,2016,1032017454.0,0.33,213.3
Ireland,2017,1037486294.0,0.3,215.65
Ireland,2018,1060018179.0,0.29,229.76
Ireland,2019,1112740708.0,0.28,227.9
Ireland,2020,1126308917.0,0.29,231.77
Israel,2015,18257303070.0,5.51,2070.16
Israel,2016,19212791777.0,5.49,2156.64
Israel,2017,20053400973.0,5.53,2357.41
Israel,2018,20074098623.0,5.33,2357.47
Israel,2019,20504377104.0,5.19,2406.79
Israel,2020,21065020776.0,5.62,2507.58
Italy,2015,23042839684.0,1.21,366.15
Italy,2016,26103771508.0,1.33,412.66
Italy,2017,26853840162.0,1.36,435.9
Italy,2018,27122187908.0,1.36,468.77
Italy,2019,26380673981.0,1.32,435.68
Italy,2020,28369663676.0,1.57,478.34
Jamaica,2015,124980930.0,0.87,42.84
Jamaica,2016,141812254.0,0.95,47.36
Jamaica,2017,149057887.0,0.97,49.15
Jamaica,2018,210462522.0,1.35,71.44
Jamaica,2019,265261724.0,1.69,89.97
Jamaica,2020,247043306.0,1.74,82.55
Japan,2015,47599795992.0,0.96,328.99
Japan,2016,47311942565.0,0.94,363.73
Japan,2017,47349679407.0,0.93,355.97
Japan,2018,47426451377.0,0.94,366.49
Japan,2019,47609019987.0,0.94,375.29
Japan,2020,48159534537.0,1.0,388.6
Jordan,2015,1742668427.0,4.26,174.27
Jordan,2016,1924376712.0,4.51,185.2
Jordan,2017,2041704941.0,4.76,198.22
Jordan,2018,1972654993.0,4.64,196.46
Jordan,2019,2032112676.0,4.64,201.17
Jordan,2020,2082917903.0,4.96,203.57
Kazakhstan,2015,1625125858.0,1.11,116.45
Kazakhstan,2016,1373439447.0,0.93,71.85
Kazakhstan,2017,1318747807.0,0.83,76.91
Kazakhstan,2018,1490507929.0,0.88,85.83
Kazakhstan,2019,1928776022.0,1.06,103.97
Kazakhstan,2020,1751553909.0,1.05,92.29
Kenya,2015,1026982443.0,1.32,17.62
Kenya,2016,1104847337.0,1.35,19.02
Kenya,2017,1133848095.0,1.29,20.22
Kenya,2018,1163347728.0,1.27,21.67
Kenya,2019,1116872420.0,1.17,21.24
Kenya,2020,1096954051.0,1.1,20.57
Kosovo,2015,53280437.0,0.78,30.0
Kosovo,2016,55364976.0,0.77,29.22
Kosovo,2017,59285633.0,0.8,31.97
Kosovo,2018,61691810.0,0.8,35.25
Kosovo,2019,65705329.0,0.83,36.62
Kosovo,2020,76980356.0,1.06,42.16
Kuwait,2015,6085679650.0,5.01,1495.24
Kuwait,2016,6655007427.0,5.89,1629.26
Kuwait,2017,6863854209.0,5.61,1667.77
Kuwait,2018,7203459250.0,5.1,1731.87
Kuwait,2019,7373519737.0,5.48,1752.65
Kuwait,2020,6940123899.0,6.5,1625.32
Kyrgyzstan,2015,114954797.0,1.75,19.63
Kyrgyzstan,2016,122752316.0,1.7,19.04
Kyrgyzstan,2017,123023580.0,1.58,19.63
Kyrgyzstan,2018,126843523.0,1.57,20.17
Kyrgyzstan,2019,128943452.0,1.56,20.1
Kyrgyzstan,2020,130127017.0,1.79,19.54
Latvia,2015,310088811.0,1.04,141.51
Latvia,2016,446926097.0,1.45,204.91
Latvia,2017,507493959.0,1.59,247.28
Latvia,2018,691778515.0,2.06,367.84
Latvia,2019,691894313.0,2.03,362.87
Latvia,2020,739205727.0,2.3,401.27
Lebanon,2015,2503294400.0,4.49,342.8
Lebanon,2016,2937546240.0,5.06,388.2
Lebanon,2017,2669199253.0,4.51,357.96
Lebanon,2018,2861304213.0,4.95,404.64
Lebanon,2019,2521246648.0,4.71,367.76
Lebanon,2020,1036062280.0,3.03,281.5
Lesotho,2015,47705780.0,1.73,21.38
Lesotho,2016,48664900.0,1.78,19.99
Lesotho,2017,53237191.0,1.95,25.15
Lesotho,2018,49252969.0,1.79,24.22
Lesotho,2019,44845967.0,1.62,21.1
Lesotho,2020,41606179.0,1.6,17.76
Liberia,2015,31038383.0,1.05,3.31
Liberia,2016,27447088.0,1.06,3.21
Liberia,2017,20134628.0,0.94,2.84
Liberia,2018,20517026.0,1.19,3.48
Liberia,2019,19228500.0,1.4,3.89
Liberia,2020,15136692.0,1.28,3.35
Lithuania,2015,523252556.0,1.14,160.72
Lithuania,2016,701253921.0,1.48,219.91
Lithuania,2017,851635304.0,1.71,285.41
Lithuania,2018,1025407366.0,1.97,377.11
Lithuania,2019,1093819973.0,2.01,396.36
Lithuania,2020,1135309708.0,2.12,430.02
Luxembourg,2015,293803459.0,0.5,487.25
Luxembourg,2016,277378199.0,0.45,450.1
Luxembourg,2017,368665714.0,0.58,604.26
Luxembourg,2018,379507263.0,0.59,650.8
Luxembourg,2019,428769403.0,0.64,696.36
Luxembourg,2020,478877123.0,0.76,782.03
Madagascar,2015,62825152.0,0.6,2.43
Madagascar,2016,64674244.0,0.59,2.39
Madagascar,2017,65587091.0,0.58,2.62
Madagascar,2018,70948261.0,0.61,2.79
Madagascar,2019,76576631.0,0.62,2.84
Madagascar,2020,87786311.0,0.74,3.15
Malawi,2015,46164585.0,0.63,2.44
Malawi,2016,46886946.0,0.64,2.08
Malawi,2017,57985816.0,0.76,2.68
Malawi,2018,63548439.0,0.85,3.22
Malawi,2019,87020933.0,1.12,4.67
Malawi,2020,85780193.0,1.1,4.84
Malaysia,2015,4605251545.0,1.5,149.72
Malaysia,2016,4409004881.0,1.38,135.88
Malaysia,2017,3704898120.0,1.1,112.36
Malaysia,2018,3380560998.0,0.96,109.27
Malaysia,2019,3769026335.0,1.03,117.97
Malaysia,2020,3909694459.0,1.14,117.65
Mali,2015,307592837.0,2.36,17.73
Mali,2016,368212410.0,2.59,20.17
Mali,2017,454867192.0,3.03,24.86
Mali,2018,449336452.0,2.81,25.25
Mali,2019,475638186.0,2.71,24.2
Mali,2020,579852956.0,3.33,29.3
Malta,2015,54847287.0,0.47,119.47
Malta,2016,62961103.0,0.51,136.83
Malta,2017,65903321.0,0.49,146.68
Malta,2018,64469082.0,0.45,152.23
Malta,2019,83636364.0,0.55,189.92
Malta,2020,78530868.0,0.56,182.57
Mauritania,2015,129805170.0,2.1,32.85
Mauritania,2016,143362455.0,2.09,32.68
Mauritania,2017,149602390.0,2.04,33.57
Mauritania,2018,159795214.0,2.11,36.11
Mauritania,2019,162397955.0,1.98,35.88
Mauritania,2020,199308203.0,2.47,43.05
Mauritius,2015,18258199.0,0.15,13.57
Mauritius,2016,23605462.0,0.18,17.43
Mauritius,2017,22770470.0,0.17,17.9
Mauritius,2018,22060977.0,0.16,18.09
Mauritius,2019,21831362.0,0.16,17.19
Mauritius,2020,19411783.0,0.16,14.2
Mexico,2015,5339961159.0,0.47,44.88
Mexico,2016,5971200014.0,0.5,43.27
Mexico,2017,5410238788.0,0.44,40.57
Mexico,2018,6050823234.0,0.48,46.28
Mexico,2019,6650808254.0,0.52,52.13
Mexico,2020,6606958740.0,0.57,47.44
Moldova,2015,30587652.0,0.3,5.66
Moldova,2016,36283280.0,0.34,6.75
Moldova,2017,35533123.0,0.32,7.62
Moldova,2018,37930197.0,0.33,9.23
Moldova,2019,43009329.0,0.36,10.64
Moldova,2020,43135405.0,0.37,11.04
Mongolia,2015,92153197.0,0.87,33.93
Mongolia,2016,94349169.0,0.86,31.53
Mongolia,2017,93398446.0,0.77,28.1
Mongolia,2018,97099390.0,0.73,30.3
Mongolia,2019,99729483.0,0.71,30.92
Mongolia,2020,106986940.0,0.77,34.22
Montenegro,2015,60389076.0,1.4,90.74
Montenegro,2016,65872297.0,1.41,98.39
Montenegro,2017,67548364.0,1.36,104.75
Montenegro,2018,75116113.0,1.43,125.69
Montenegro,2019,77656740.0,1.4,123.66
Montenegro,2020,100344556.0,2.05,162.55
Morocco,2015,3494906437.0,3.23,94.29
Morocco,2016,3516202328.0,3.22,94.72
Morocco,2017,3619632880.0,3.18,97.28
Morocco,2018,3641016724.0,3.12,102.61
Morocco,2019,3721323837.0,3.1,102.03
Morocco,2020,4794028978.0,4.28,130.88
Mozambique,2015,132958467.0,0.84,4.96
Mozambique,2016,145585962.0,0.93,3.97
Mozambique,2017,147073674.0,0.99,4.51
Mozambique,2018,202062860.0,1.34,6.66
Mozambique,2019,217451322.0,1.42,7.16
Mozambique,2020,166203580.0,1.08,4.92
Myanmar,2015,3816696153.0,4.3,48.45
Myanmar,2016,3650545651.0,4.09,46.3
Myanmar,2017,3464454523.0,3.65,41.62
Myanmar,2018,2356675942.0,2.31,28.48
Myanmar,2019,2225151433.0,2.09,27.67
Myanmar,2020,3140977788.0,2.89,44.95
NATO members,2015,949393133845.0,,
NATO members,2016,956917036947.0,,
NATO members,2017,960777496156.0,,
NATO members,2018,992383102023.0,,
NATO members,2019,1045461690383.0,,
NATO members,2020,1087984389503.0,,
Namibia,2015,561466353.0,4.41,223.86
Namibia,2016,498294202.0,3.77,180.4
Namibia,2017,453006094.0,3.35,189.83
Namibia,2018,433721290.0,3.14,186.08
Namibia,2019,414059490.0,3.09,165.99
Namibia,2020,416900906.0,3.28,147.13
Nepal,2015,369159636.0,1.56,11.99
Nepal,2016,392192390.0,1.7,13.08
Nepal,2017,451255734.0,1.71,15.81
Nepal,2018,442753218.0,1.54,15.28
Nepal,2019,428701839.0,1.38,14.99
Nepal,2020,424735804.0,1.36,14.56
Netherlands,2015,9289283641.0,1.13,511.72
Netherlands,2016,9765385229.0,1.16,536.78
Netherlands,2017,9978817619.0,1.16,562.86
Netherlands,2018,10820547258.0,1.22,651.54
Netherlands,2019,12000671742.0,1.32,701.91
Netherlands,2020,12210857142.0,1.42,734.08
New Zealand,2015,1944572448.0,1.11,421.23
New Zealand,2016,2085486142.0,1.13,449.29
New Zealand,2017,2225595011.0,1.15,495.14
New Zealand,2018,2456388327.0,1.23,532.35
New Zealand,2019,2926961107.0,1.43,611.94
New Zealand,2020,3007543064.0,1.54,624.48
Nicaragua,2015,97598233.0,0.78,15.9
Nicaragua,2016,85067889.0,0.64,13.5
Nicaragua,2017,87377492.0,0.62,13.58
Nicaragua,2018,82684300.0,0.62,12.62
Nicaragua,2019,76931507.0,0.61,11.75
Nicaragua,2020,78330450.0,0.65,11.78
Niger,2016,173635126.0,2.19,7.99
Niger,2017,201411685.0,2.49,9.27
Niger,2018,212376146.0,2.47,10.23
Niger,2019,247632083.0,2.65,10.62
Niger,2020,225342410.0,2.45,9.9
Nigeria,2015,1861092040.0,0.42,11.4
Nigeria,2016,1797512946.0,0.43,9.27
Nigeria,2017,1718868222.0,0.43,8.49
Nigeria,2018,2027855315.0,0.51,10.43
Nigeria,2019,1860260430.0,0.46,9.26
Nigeria,2020,2402535698.0,0.63,12.46
North America,2015,709400820434.0,,
North America,2016,708270984892.0,,
North America,2017,704653730253.0,,
North America,2018,725575430140.0,,
North America,2019,765408392736.0,,
North America,2020,798279144539.0,,
North Macedonia,2015,104441928.0,0.99,48.08
North Macedonia,2016,108791305.0,0.97,49.75
North Macedonia,2017,102914923.0,0.9,48.39
North Macedonia,2018,114279462.0,0.94,57.42
North Macedonia,2019,146093380.0,1.16,70.12
North Macedonia,2020,154092524.0,1.28,75.83
Norway,2015,5906859187.0,1.51,1118.35
Norway,2016,6130472101.0,1.63,1142.15
Norway,2017,6765944231.0,1.72,1293.97
Norway,2018,7128270294.0,1.73,1412.72
Norway,2019,7520413966.0,1.85,1398.14
Norway,2020,7513757523.0,1.94,1311.98
Oceania,2015,25890497180.0,,
Oceania,2016,28287664537.0,,
Oceania,2017,28398479024.0,,
Oceania,2018,28009611736.0,,
Oceania,2019,29166650747.0,,
Oceania,2020,30787316063.0,,
Oman,2015,7817417623.0,10.93,1765.4
Oman,2016,8144645114.0,12.12,1771.73
Oman,2017,6871799680.0,9.64,1457.95
Oman,2018,7575466661.0,9.54,1566.49
Oman,2019,6551040312.0,8.64,1316.79
Oman,2020,6662881258.0,10.87,1317.8
Pakistan,2015,8143033322.0,3.55,47.55
Pakistan,2016,8415931159.0,3.59,48.98
Pakistan,2017,9321008533.0,3.77,55.13
Pakistan,2018,10523761959.0,4.13,55.28
Pakistan,2019,10388318165.0,4.11,47.97
Pakistan,2020,10097221387.0,4.02,46.97
Panama,2015,0.0,0.0,0.0
Panama,2016,0.0,0.0,0.0
Panama,2017,0.0,0.0,0.0
Panama,2018,0.0,0.0,0.0
Panama,2019,0.0,0.0,0.0
Panama,2020,0.0,0.0,0.0
Papua New Guinea,2015,101764237.0,0.48,12.31
Papua New Guinea,2016,85492038.0,0.42,9.56
Papua New Guinea,2017,84270732.0,0.4,9.58
Papua New Guinea,2018,81972420.0,0.38,9.29
Papua New Guinea,2019,80846154.0,0.36,9.21
Papua New Guinea,2020,87018320.0,0.42,9.6
Paraguay,2015,377917148.0,1.07,57.79
Paraguay,2016,351204125.0,0.95,50.64
Paraguay,2017,340720680.0,0.89,50.7
Paraguay,2018,371280199.0,0.96,55.57
Paraguay,2019,375779511.0,0.97,53.34
Paraguay,2020,390567833.0,1.04,51.08
Peru,2015,3500122176.0,1.73,108.7
Peru,2016,2742577339.0,1.3,82.0
Peru,2017,2712403319.0,1.25,84.78
Peru,2018,2677023534.0,1.17,82.8
Peru,2019,2766847335.0,1.19,85.11
Peru,2020,2720219888.0,1.34,79.86
Philippines,2015,3294231425.0,1.09,32.67
Philippines,2016,3391594563.0,1.05,32.14
Philippines,2017,4303138062.0,1.25,38.95
Philippines,2018,2965335746.0,0.82,26.65
Philippines,2019,3471584034.0,0.92,32.11
Philippines,2020,3494961210.0,1.01,34.06
Poland,2015,10593999841.0,2.14,268.52
Poland,2016,10007197932.0,1.94,241.23
Poland,2017,10233301573.0,1.89,260.08
Poland,2018,11590970054.0,2.05,317.52
Poland,2019,11786153846.0,1.98,311.08
Poland,2020,12815477288.0,2.22,344.2
Portugal,2015,3740488273.0,1.79,343.88
Portugal,2016,4321987168.0,2.0,400.28
Portugal,2017,3737368289.0,1.68,357.26
Portugal,2018,4090196601.0,1.8,416.71
Portugal,2019,4277877295.0,1.84,418.33
Portugal,2020,4556714046.0,2.14,454.96
Romania,2015,2646750401.0,1.45,129.51
Romania,2016,2792564401.0,1.41,133.57
Romania,2017,3789104159.0,1.72,184.29
Romania,2018,4214189381.0,1.81,223.47
Romania,2019,4613040397.0,1.84,238.22
Romania,2020,5579061001.0,2.31,297.69
Russia,2015,74649044319.0,4.87,458.13
Russia,2016,80026931315.0,5.43,476.65
Russia,2017,64847527603.0,4.25,459.79
Russia,2018,62404221344.0,3.69,422.75
Russia,2019,65201335848.0,3.83,446.98
Russia,2020,66838181926.0,4.26,422.88
Rwanda,2015,99378353.0,1.25,9.11
Rwanda,2016,105471121.0,1.28,9.19
Rwanda,2017,110201272.0,1.26,9.66
Rwanda,2018,117908977.0,1.25,9.67
Rwanda,2019,124073353.0,1.24,9.83
Rwanda,2020,142434353.0,1.4,11.04
Saudi Arabia,2015,88520209675.0,13.33,2748.81
Saudi Arabia,2016,63336945131.0,9.87,1962.58
Saudi Arabia,2017,70620599209.0,10.22,2126.81
Saudi Arabia,2018,72918274489.0,9.47,2209.83
Saudi Arabia,2019,61952000000.0,7.81,1807.84
Saudi Arabia,2020,55534555625.0,8.45,1652.2
Senegal,2015,226474433.0,1.21,14.74
Senegal,2016,319534641.0,1.6,20.33
Senegal,2017,312896627.0,1.47,19.81
Senegal,2018,371697195.0,1.66,24.29
Senegal,2019,356820796.0,1.51,21.9
Senegal,2020,378444130.0,1.61,23.47
Serbia,2015,812947224.0,1.83,81.58
Serbia,2016,806250880.0,1.75,80.23
Serbia,2017,865406987.0,1.84,90.8
Serbia,2018,794890596.0,1.61,92.9
Serbia,2019,1143779270.0,2.22,130.39
Serbia,2020,1086064873.0,2.11,128.32
Seychelles,2015,20002249.0,1.31,190.58
Seychelles,2016,24483718.0,1.54,229.02
Seychelles,2017,24741169.0,1.48,231.19
Seychelles,2018,23519719.0,1.38,222.07
Seychelles,2019,23496255.0,1.34,240.39
Seychelles,2020,23982238.0,1.58,191.32
Sierra Leone,2015,35328685.0,0.92,5.47
Sierra Leone,2016,43346664.0,1.12,5.11
Sierra Leone,2017,39355016.0,1.09,5.29
Sierra Leone,2018,27313518.0,0.75,3.87
Sierra Leone,2019,25641868.0,0.73,3.28
Sierra Leone,2020,20187382.0,0.58,2.99
Singapore,2015,9557397064.0,3.05,1678.04
Singapore,2016,10161634896.0,3.1,1746.37
Singapore,2017,10432164943.0,2.98,1783.22
Singapore,2018,10523796937.0,2.84,1837.93
Singapore,2019,10662445015.0,2.87,1836.98
Singapore,2020,11019813986.0,3.2,1855.55
Slovakia,2015,1055731131.0,1.11,181.38
Slovakia,2016,1082737360.0,1.12,184.32
Slovakia,2017,1101708726.0,1.11,192.56
Slovakia,2018,1262043085.0,1.23,237.66
Slovakia,2019,1802507837.0,1.72,330.31
Slovakia,2020,1777597366.0,1.81,336.55
Slovenia,2015,424076516.0,0.93,193.5
Slovenia,2016,476900094.0,1.0,216.55
Slovenia,2017,488830917.0,0.98,228.18
Slovenia,2018,510433952.0,0.98,254.83
Slovenia,2019,572884013.0,1.06,275.6
Slovenia,2020,561774724.0,1.1,276.5
Somalia,2015,,,3.38
Somalia,2016,,,3.36
Somalia,2017,,,4.24
Somalia,2018,,,5.1
Somalia,2019,,,5.02
Somalia,2020,,,6.19
South Africa,2015,3758560133.0,1.1,62.99
South Africa,2016,3660950982.0,1.07,55.85
South Africa,2017,3608545603.0,1.03,63.0
South Africa,2018,3458142351.0,0.98,62.69
South Africa,2019,3435736037.0,0.98,58.67
South Africa,2020,3475201204.0,1.07,53.13
South America,2015,50903406892.0,,
South America,2016,48629214063.0,,
South America,2017,51356287308.0,,
South America,2018,52653954630.0,,
South America,2019,51752504757.0,,
South America,2020,50690818778.0,,
South Korea,2015,37210344538.0,2.49,719.57
South Korea,2016,38142690420.0,2.46,723.48
South Korea,2017,38844284481.0,2.42,766.6
South Korea,2018,40814286027.0,2.5,841.68
South Korea,2019,43890861986.0,2.67,856.82
South Korea,2020,46055696813.0,2.85,892.06
South Sudan,2015,1385738110.0,10.56,107.5
South Sudan,2016,404487663.0,4.6,12.49
South Sudan,2017,174354796.0,2.35,6.63
South Sudan,2018,244894170.0,3.65,13.58
South Sudan,2019,186498925.0,3.56,16.86
Spain,2015,15972179067.0,1.27,325.4
Spain,2016,14810429096.0,1.14,300.52
Spain,2017,16390741023.0,1.23,343.93
Spain,2018,17024230677.0,1.25,381.71
Spain,2019,17189319301.0,1.23,367.79
Spain,2020,17160268854.0,1.4,372.83
Sri Lanka,2015,1852242097.0,2.55,98.42
Sri Lanka,2016,1616258945.0,2.11,82.84
Sri Lanka,2017,1682967140.0,2.12,88.34
Sri Lanka,2018,1542822294.0,1.84,77.2
Sri Lanka,2019,1699785117.0,2.01,79.71
Sri Lanka,2020,1559970001.0,1.93,73.49
Sudan,2015,1152206451.0,2.66,58.6
Sudan,2016,1207456376.0,2.65,68.98
Sudan,2017,1567411230.0,3.51,107.39
Sudan,2018,798532826.0,1.78,25.07
Sudan,2019,722256177.0,1.64,16.87
Sudan,2020,456959569.0,1.13,21.31
Sweden,2015,5126466913.0,1.07,551.66
Sweden,2016,5194145513.0,1.05,551.8
Sweden,2017,5193895213.0,1.02,557.97
Sweden,2018,5365332718.0,1.03,574.91
Sweden,2019,5839555791.0,1.1,581.84
Sweden,2020,6233806559.0,1.22,639.02
Switzerland,2015,4438578434.0,0.64,544.92
Switzerland,2016,4616763133.0,0.66,545.51
Switzerland,2017,4644226084.0,0.66,547.36
Switzerland,2018,4596096516.0,0.63,545.97
Switzerland,2019,5113682093.0,0.7,595.21
Switzerland,2020,5428081383.0,0.78,658.82
Taiwan,2015,10578385073.0,1.87,416.14
Taiwan,2016,10396550124.0,1.82,409.16
Taiwan,2017,10534684999.0,1.82,442.67
Taiwan,2018,10307368959.0,1.74,442.75
Taiwan,2019,10993171742.0,1.82,462.41
Taiwan,2020,11596968723.0,1.92,510.34
Tajikistan,2015,85645062.0,1.28,11.91
Tajikistan,2016,86258598.0,1.22,
Tajikistan,2017,80005580.0,1.09,
Tajikistan,2018,84286661.0,1.08,
Tajikistan,2019,84290062.0,1.04,
Tajikistan,2020,80148187.0,1.01,8.43
Tanzania,2015,529469014.0,1.09,10.04
Tanzania,2016,579443229.0,1.09,10.26
Tanzania,2017,582003880.0,1.06,10.29
Tanzania,2018,612228714.0,1.06,10.65
Tanzania,2019,618943446.0,1.02,10.67
Tanzania,2020,639035577.0,1.03,11.04
Thailand,2015,6423485224.0,1.43,83.31
Thailand,2016,6783012188.0,1.42,85.2
Thailand,2017,6992549354.0,1.39,91.33
Thailand,2018,7141327200.0,1.36,99.04
Thailand,2019,7286122371.0,1.35,104.65
Thailand,2020,7362140899.0,1.47,105.16
Timor,2015,37970067.0,1.19,30.89
Timor,2016,27299620.0,1.04,21.5
Timor,2017,26345814.0,0.92,20.46
Timor,2018,20793933.0,0.76,16.25
Timor,2019,34400000.0,1.23,26.6
Timor,2020,38113200.0,1.16,29.17
Togo,2015,71987459.0,1.67,9.56
Togo,2016,83544729.0,1.84,10.92
Togo,2017,90034181.0,1.87,11.48
Togo,2018,99675873.0,1.96,13.23
Togo,2019,170566832.0,3.15,21.1
Togo,2020,112649816.0,2.01,14.05
Trinidad and Tobago,2015,203980862.0,0.83,147.49
Trinidad and Tobago,2016,221165478.0,0.95,157.0
Trinidad and Tobago,2017,205983835.0,0.89,145.81
Trinidad and Tobago,2018,167646674.0,0.69,119.44
Trinidad and Tobago,2019,172525849.0,0.71,123.68
Trinidad and Tobago,2020,157304376.0,0.68,112.45
Tunisia,2015,820108154.0,2.27,87.61
Tunisia,2016,873234339.0,2.36,87.38
Tunisia,2017,810665977.0,2.14,75.13
Tunisia,2018,813922815.0,2.11,73.0
Tunisia,2019,1000922131.0,2.56,85.59
Tunisia,2020,1046117830.0,2.91,97.93
Turkey,2015,12036422550.0,1.81,199.53
Turkey,2016,14111900311.0,2.05,223.33
Turkey,2017,15146565709.0,2.05,219.72
Turkey,2018,19225186159.0,2.52,238.63
Turkey,2019,20603378497.0,2.71,246.96
Turkey,2020,19567211572.0,2.77,210.16
Uganda,2015,314873129.0,1.04,8.01
Uganda,2016,327719610.0,1.05,8.03
Uganda,2017,356679017.0,1.1,8.42
Uganda,2018,422634822.0,1.23,9.56
Uganda,2019,647606607.0,1.77,14.63
Uganda,2020,948138516.0,2.6,21.53
Ukraine,2015,3904937391.0,3.25,65.88
Ukraine,2016,3990151513.0,3.15,65.84
Ukraine,2017,3987782334.0,2.88,72.98
Ukraine,2018,4744195404.0,3.19,94.24
Ukraine,2019,5419138048.0,3.52,123.18
Ukraine,2020,5995031272.0,4.13,135.46
United Kingdom,2015,53995686799.0,2.05,910.87
United Kingdom,2016,53807407560.0,1.98,804.36
United Kingdom,2017,53448762750.0,1.95,773.8
United Kingdom,2018,54162945224.0,1.95,829.29
United Kingdom,2019,56856133066.0,2.01,841.94
United Kingdom,2020,58484918359.0,2.25,872.62
United States,2015,683677745113.0,3.48,1975.3
United States,2016,681579835831.0,3.42,1980.88
United States,2017,674557211178.0,3.31,1989.49
United States,2018,694859577914.0,3.32,2086.52
United States,2019,734344100000.0,3.43,2231.61
United States,2020,766582825358.0,3.74,2351.14
Uruguay,2015,1016792601.0,1.82,284.26
Uruguay,2016,1041742692.0,1.87,288.6
Uruguay,2017,1100459943.0,1.96,339.2
Uruguay,2018,1196201589.0,2.13,368.52
Uruguay,2019,1154916149.0,2.06,333.62
Uruguay,2020,1259942240.0,2.32,334.97
Uzbekistan,2018,1506903860.0,3.56,
Venezuela,2015,9476.0,0.94,10.66
Venezuela,2016,5084.0,0.45,7.31
Venezuela,2017,27809.0,2.23,72.37
Venezuela,2018,532548.0,,
Venezuela,2019,411270.0,,
Vietnam,2015,4821316394.0,2.36,49.23
Vietnam,2016,5217794509.0,2.44,53.58
Vietnam,2017,5202293906.0,2.27,53.63
Vietnam,2018,5603499209.0,2.28,57.56
World,2015,1725873342092.0,,
World,2016,1732531818093.0,,
World,2017,1753365890048.0,,
World,2018,1800345288274.0,,
World,2019,1860580484102.0,,
World,2020,1910296125695.0,,
Zambia,2015,366869332.0,1.75,23.45
Zambia,2016,299013202.0,1.43,18.3
Zambia,2017,291091231.0,1.31,20.15
Zambia,2018,334255838.0,1.41,21.79
Zambia,2019,292072463.0,1.22,16.35
Zambia,2020,262359868.0,1.15,11.54
Zimbabwe,2015,1083475614.0,1.89,27.27
Zimbabwe,2016,1046329810.0,1.74,25.52
Zimbabwe,2017,986095198.0,1.54,23.92
Zimbabwe,2018,1100563838.0,1.22,29.11
Zimbabwe,2019,546939000.0,0.7,37.35
