country_name,country_text_id,year,v2x_regime,v2x_libdem,v2x_civlib,v2caviol,v2svstterr,v2stfisccap
Afghanistan,AFG,2020,1.0000,0.1670,0.4970,2.8540,43.0910,-0.5640
Afghanistan,AFG,2021,1.0000,0.0410,0.1120,1.6480,83.2520,-1.9140
Afghanistan,AFG,2024,0.0000,0.0140,0.0420,1.4110,84.5000,-1.3210
Afghanistan,AFG,2025,0.0000,0.0180,0.0410,1.8600,79.5000,-0.8610
Angola,AGO,2020,1.0000,0.1600,0.6020,-0.3580,91.8750,-0.0700
Angola,AGO,2021,1.0000,0.1510,0.5970,-0.6130,91.8750,-0.0700
Angola,AGO,2024,1.0000,0.1610,0.6240,-0.5850,97.4000,-0.0700
Angola,AGO,2025,1.0000,0.1630,0.6240,-0.2060,96.2500,-0.0700
Albania,ALB,2020,2.0000,0.4420,0.8870,-0.0610,96.2860,1.2280
Albania,ALB,2021,2.0000,0.4380,0.8890,-0.3220,94.3330,0.9730
Albania,ALB,2024,2.0000,0.3980,0.8760,-0.0080,94.7500,1.3630
Albania,ALB,2025,1.0000,0.3820,0.8720,-0.1800,96.2500,1.3630
United Arab Emirates,ARE,2020,0.0000,0.0900,0.3840,-3.1340,95.0000,-0.1780
United Arab Emirates,ARE,2021,0.0000,0.0840,0.3450,-3.1340,94.6000,-0.1780
United Arab Emirates,ARE,2024,0.0000,0.0770,0.3460,-3.1340,96.5000,-0.1780
United Arab Emirates,ARE,2025,0.0000,0.0770,0.3390,-3.1340,96.0000,-0.1780
Argentina,ARG,2020,2.0000,0.6340,0.8860,-1.1630,99.1670,1.3450
Argentina,ARG,2021,2.0000,0.6390,0.8690,-1.3340,98.8000,2.0390
Argentina,ARG,2024,2.0000,0.5580,0.8590,-0.5600,100.0000,2.0390
Argentina,ARG,2025,2.0000,0.5240,0.8210,-1.8140,100.0000,1.7350
Armenia,ARM,2020,2.0000,0.5760,0.9000,0.2630,97.7140,1.6010
Armenia,ARM,2021,2.0000,0.5320,0.8810,-0.0790,96.4290,1.6010
Armenia,ARM,2024,2.0000,0.4120,0.8220,-0.8830,96.5000,1.5430
Armenia,ARM,2025,2.0000,0.3710,0.8000,-0.2570,96.0000,1.5430
Australia,AUS,2020,3.0000,0.7900,0.9060,-1.3910,93.1110,2.5830
Australia,AUS,2021,3.0000,0.7790,0.9000,-1.3910,93.0000,2.5830
Australia,AUS,2024,3.0000,0.7960,0.9180,-1.3910,92.3750,2.5830
Australia,AUS,2025,3.0000,0.7930,0.9060,-0.9460,92.3750,2.5830
Austria,AUT,2020,3.0000,0.7860,0.9240,-1.5450,100.0000,2.6670
Austria,AUT,2021,3.0000,0.7840,0.9260,-0.9520,100.0000,2.6670
Austria,AUT,2024,3.0000,0.7620,0.9100,-0.9800,100.0000,2.6670
Austria,AUT,2025,3.0000,0.7570,0.9070,-1.1440,99.8570,2.6670
Azerbaijan,AZE,2020,1.0000,0.0640,0.4050,-1.9490,91.6000,-0.1490
Azerbaijan,AZE,2021,1.0000,0.0660,0.4120,-1.4400,92.7000,-0.1490
Azerbaijan,AZE,2024,1.0000,0.0530,0.3020,-0.8510,98.6670,-0.1490
Azerbaijan,AZE,2025,1.0000,0.0530,0.2910,-1.4330,100.0000,-0.1490
Burundi,BDI,2020,1.0000,0.0490,0.1670,0.8210,93.0000,0.4870
Burundi,BDI,2021,1.0000,0.0670,0.2060,-0.0660,94.0000,0.6290
Burundi,BDI,2024,1.0000,0.0620,0.2510,-1.3950,95.0000,0.4880
Burundi,BDI,2025,1.0000,0.0600,0.2710,-1.0040,95.0000,0.9640
Belgium,BEL,2020,3.0000,0.8260,0.9520,-1.1820,99.9090,2.3650
Belgium,BEL,2021,3.0000,0.8270,0.9540,-0.6990,99.9090,2.3650
Belgium,BEL,2024,3.0000,0.8100,0.9550,-0.7270,99.9090,2.3650
Belgium,BEL,2025,3.0000,0.7940,0.9550,-0.7270,99.9090,2.3650
Benin,BEN,2020,1.0000,0.2840,0.8150,-0.4540,85.0000,2.4490
Benin,BEN,2021,1.0000,0.2710,0.8080,-0.2110,87.3330,2.4490
Benin,BEN,2024,1.0000,0.3230,0.8320,-2.5240,90.0000,2.4490
Benin,BEN,2025,1.0000,0.3230,0.8360,-0.9280,90.0000,2.4490
Burkina Faso,BFA,2020,2.0000,0.4860,0.8160,1.2710,77.5000,1.3150
Burkina Faso,BFA,2021,2.0000,0.4560,0.8260,1.3110,72.1430,1.3150
Burkina Faso,BFA,2024,0.0000,0.1260,0.5000,1.2710,82.5000,1.3870
Burkina Faso,BFA,2025,0.0000,0.1030,0.4550,1.4210,79.0000,0.6680
Bangladesh,BGD,2020,1.0000,0.0940,0.3920,1.9950,98.5710,1.7170
Bangladesh,BGD,2021,1.0000,0.0920,0.3980,2.1040,98.5710,1.7170
Bangladesh,BGD,2024,1.0000,0.0970,0.5600,2.5850,100.0000,1.7170
Bangladesh,BGD,2025,0.0000,0.1160,0.6280,2.3100,99.8000,1.7170
Bulgaria,BGR,2020,2.0000,0.5010,0.8470,-0.7360,99.9090,2.6560
Bulgaria,BGR,2021,2.0000,0.5490,0.8610,-0.8130,99.9090,2.6560
Bulgaria,BGR,2024,2.0000,0.5330,0.8750,-0.7380,99.9090,2.6560
Bulgaria,BGR,2025,2.0000,0.4990,0.8490,-0.6850,99.9090,2.6560
Bahrain,BHR,2020,0.0000,0.0620,0.2980,1.3940,97.7140,-0.2560
Bahrain,BHR,2021,0.0000,0.0630,0.3020,0.9150,96.5000,-0.2560
Bahrain,BHR,2024,0.0000,0.0620,0.3000,0.8420,89.8000,-0.3230
Bahrain,BHR,2025,0.0000,0.0620,0.3000,0.7560,95.8000,-0.3230
Bosnia and Herzegovina,BIH,2020,2.0000,0.3350,0.8180,-0.2640,86.1670,1.1740
Bosnia and Herzegovina,BIH,2021,2.0000,0.3280,0.8180,-0.2640,88.3330,1.0850
Bosnia and Herzegovina,BIH,2024,2.0000,0.3360,0.8150,-0.2690,87.9090,1.0820
Bosnia and Herzegovina,BIH,2025,1.0000,0.3390,0.8140,-0.2690,85.2780,1.0820
Belarus,BLR,2020,1.0000,0.0450,0.2270,-0.0990,99.3330,0.7550
Belarus,BLR,2021,1.0000,0.0350,0.1900,-0.1870,100.0000,0.8000
Belarus,BLR,2024,0.0000,0.0360,0.2140,-0.7720,100.0000,1.0310
Belarus,BLR,2025,0.0000,0.0380,0.2210,-0.7720,100.0000,1.0310
Bolivia,BOL,2020,1.0000,0.2090,0.7130,1.4610,86.2110,0.2360
Bolivia,BOL,2021,2.0000,0.3620,0.8120,-0.0000,91.4290,0.2360
Bolivia,BOL,2024,2.0000,0.3100,0.7660,0.6620,83.8000,0.2360
Bolivia,BOL,2025,2.0000,0.3520,0.7410,2.0650,83.0000,0.2360
Brazil,BRA,2020,2.0000,0.5340,0.6820,2.8570,92.6670,1.8940
Brazil,BRA,2021,2.0000,0.5310,0.6650,2.8570,91.9170,2.0920
Brazil,BRA,2024,2.0000,0.7120,0.8530,1.9320,90.0000,2.0640
Brazil,BRA,2025,2.0000,0.7040,0.8710,1.9320,90.8330,2.0640
Barbados,BRB,2020,3.0000,0.6920,0.9200,-2.5780,99.8570,1.7390
Barbados,BRB,2021,3.0000,0.6860,0.9200,-2.5780,99.6000,1.7390
Barbados,BRB,2024,3.0000,0.6850,0.9200,-2.5780,100.0000,1.7390
Barbados,BRB,2025,3.0000,0.6790,0.9180,,100.0000,1.7390
Bhutan,BTN,2020,2.0000,0.5150,0.7610,-2.3680,95.0000,0.1380
Bhutan,BTN,2021,3.0000,0.4820,0.7170,-2.3680,93.8570,0.1380
Bhutan,BTN,2024,2.0000,0.4570,0.7240,-1.0680,93.0000,-0.4210
Bhutan,BTN,2025,2.0000,0.4570,0.7010,-1.0680,96.2500,-1.4150
Botswana,BWA,2020,3.0000,0.4840,0.8760,-2.8020,97.7140,1.4590
Botswana,BWA,2021,2.0000,0.4770,0.8410,-2.1230,97.7140,0.7620
Botswana,BWA,2024,2.0000,0.4700,0.8410,-2.2270,98.3330,-0.4330
Botswana,BWA,2025,2.0000,0.5200,0.8450,-2.2270,98.3330,-0.4330
Central African Republic,CAF,2020,1.0000,0.2010,0.4980,2.7620,51.7500,-0.6420
Central African Republic,CAF,2021,1.0000,0.1760,0.5210,2.7620,62.6000,-0.6420
Central African Republic,CAF,2024,1.0000,0.0970,0.4370,1.9470,74.3330,-1.0460
Central African Republic,CAF,2025,1.0000,0.1020,0.4380,2.9760,80.6670,-1.0460
Canada,CAN,2020,2.0000,0.7450,0.9280,-1.9940,95.0000,2.7240
Canada,CAN,2021,3.0000,0.7490,0.9310,-1.1850,95.6670,2.7240
Canada,CAN,2024,2.0000,0.7440,0.9020,-0.1820,97.0000,2.7240
Canada,CAN,2025,2.0000,0.7360,0.8970,-0.9390,97.0000,2.7240
Switzerland,CHE,2020,3.0000,0.8560,0.9520,-1.5050,100.0000,2.9140
Switzerland,CHE,2021,3.0000,0.8510,0.9540,-2.3570,100.0000,2.9140
Switzerland,CHE,2024,3.0000,0.8430,0.9510,-2.7540,100.0000,2.9140
Switzerland,CHE,2025,3.0000,0.8430,0.9500,-1.4380,100.0000,2.9140
Chile,CHL,2020,2.0000,0.7660,0.8770,0.5550,96.4290,2.4300
Chile,CHL,2021,3.0000,0.7770,0.8970,0.4210,82.0000,2.4300
Chile,CHL,2024,3.0000,0.7860,0.9310,-0.9470,93.7620,2.4300
Chile,CHL,2025,3.0000,0.7810,0.9300,-0.5710,80.6670,2.4300
China,CHN,2020,0.0000,0.0420,0.1910,-0.9360,96.3330,1.8630
China,CHN,2021,0.0000,0.0440,0.1880,-0.8080,97.1670,1.8630
China,CHN,2024,0.0000,0.0370,0.1750,-0.5060,97.2000,1.8630
China,CHN,2025,0.0000,0.0390,0.1790,-0.5060,97.1250,1.8630
Ivory Coast,CIV,2020,1.0000,0.2610,0.7070,2.4720,91.7500,0.8770
Ivory Coast,CIV,2021,1.0000,0.2330,0.7110,0.5250,90.7140,1.2490
Ivory Coast,CIV,2024,1.0000,0.2480,0.7120,-0.7990,94.1430,1.2490
Ivory Coast,CIV,2025,1.0000,0.2280,0.7000,1.3680,90.0000,1.2490
Cameroon,CMR,2020,1.0000,0.1230,0.5540,1.9950,87.7780,0.9350
Cameroon,CMR,2021,1.0000,0.1210,0.5680,2.2600,86.0000,0.9350
Cameroon,CMR,2024,1.0000,0.1260,0.5350,1.4190,85.5000,1.2480
Cameroon,CMR,2025,1.0000,0.1140,0.5090,1.7560,86.4290,1.2480
Democratic Republic of the Congo,COD,2020,1.0000,0.1520,0.4890,1.7370,74.6000,-0.4480
Democratic Republic of the Congo,COD,2021,1.0000,0.1400,0.5080,1.1620,76.5000,-0.6950
Democratic Republic of the Congo,COD,2024,1.0000,0.1230,0.3990,1.1080,74.8570,-0.2120
Democratic Republic of the Congo,COD,2025,1.0000,0.1150,0.4200,1.3450,73.5710,-0.2120
Republic of the Congo,COG,2020,1.0000,0.1180,0.3340,0.5110,82.0000,0.5970
Republic of the Congo,COG,2021,1.0000,0.1160,0.3420,0.1570,81.6000,0.6830
Republic of the Congo,COG,2024,1.0000,0.1190,0.3350,-0.5260,81.0000,0.8000
Republic of the Congo,COG,2025,1.0000,0.1150,0.3260,-0.8720,78.2000,0.8000
Colombia,COL,2020,2.0000,0.4960,0.6890,2.6590,83.1250,2.1220
Colombia,COL,2021,2.0000,0.4990,0.6710,2.6210,87.0000,2.1220
Colombia,COL,2024,2.0000,0.5540,0.7370,1.8900,84.0000,1.9390
Colombia,COL,2025,2.0000,0.5550,0.7650,2.0060,82.0000,1.9390
Comoros,COM,2020,1.0000,0.1240,0.5140,1.4020,76.0000,-1.6280
Comoros,COM,2021,1.0000,0.1240,0.5010,1.2610,83.1430,-1.6280
Comoros,COM,2024,1.0000,0.1220,0.4690,1.3260,81.3330,-1.0380
Comoros,COM,2025,1.0000,0.1320,0.4760,1.3260,82.2500,-1.0380
Cape Verde,CPV,2020,2.0000,0.7010,0.9140,-2.1100,100.0000,-0.5320
Cape Verde,CPV,2021,2.0000,0.6760,0.9120,-2.4650,99.8330,-0.4040
Cape Verde,CPV,2024,2.0000,0.6420,0.9120,-2.6280,100.0000,-0.0550
Cape Verde,CPV,2025,2.0000,0.6310,0.9070,-2.6060,99.0000,-0.0550
Costa Rica,CRI,2020,3.0000,0.8440,0.9410,-1.8150,95.5000,2.4570
Costa Rica,CRI,2021,3.0000,0.8430,0.9410,-2.5780,94.6670,2.4570
Costa Rica,CRI,2024,3.0000,0.8090,0.9310,-2.5780,94.6000,2.4570
Costa Rica,CRI,2025,3.0000,0.8090,0.9310,-2.3910,94.6000,2.4570
Cuba,CUB,2020,0.0000,0.0600,0.3170,-1.1300,98.5000,-0.1600
Cuba,CUB,2021,0.0000,0.0560,0.2710,-0.1040,98.6250,-0.2490
Cuba,CUB,2024,0.0000,0.0560,0.3000,-0.7360,98.7500,-0.4380
Cuba,CUB,2025,0.0000,0.0570,0.3020,-0.7360,96.7500,-0.5640
Cyprus,CYP,2020,3.0000,0.6910,0.8830,-1.5650,69.0000,2.6050
Cyprus,CYP,2021,3.0000,0.6530,0.8850,-1.5650,69.0000,2.6050
Cyprus,CYP,2024,3.0000,0.6530,0.8910,-1.5190,70.4000,2.6050
Cyprus,CYP,2025,3.0000,0.6640,0.8950,-1.5190,70.2000,2.6050
Czechia,CZE,2020,2.0000,0.7090,0.9140,-2.6650,99.9290,2.5180
Czechia,CZE,2021,2.0000,0.6980,0.9130,-2.8710,99.9290,1.8820
Czechia,CZE,2024,3.0000,0.8110,0.9520,-2.7610,99.9290,1.7610
Czechia,CZE,2025,3.0000,0.7940,0.9480,-2.7610,99.9290,2.4520
Germany,DEU,2020,3.0000,0.8210,0.9540,-0.4390,91.6670,2.8440
Germany,DEU,2021,3.0000,0.8140,0.9530,-0.2650,91.6670,2.8440
Germany,DEU,2024,3.0000,0.7780,0.9380,-0.2650,99.6670,2.8440
Germany,DEU,2025,3.0000,0.7820,0.9400,-0.2650,99.6670,2.8440
Djibouti,DJI,2020,1.0000,0.1190,0.4130,-0.1470,87.4290,-0.2570
Djibouti,DJI,2021,1.0000,0.1200,0.4130,-0.4160,91.5710,-0.1190
Djibouti,DJI,2024,1.0000,0.1180,0.4040,-0.6410,84.8330,-1.0990
Djibouti,DJI,2025,1.0000,0.1180,0.4040,-0.6410,98.0000,1.1340
Denmark,DNK,2020,3.0000,0.8820,0.9390,-1.9700,98.9290,2.5140
Denmark,DNK,2021,3.0000,0.8820,0.9500,-2.5330,98.9290,2.5140
Denmark,DNK,2024,3.0000,0.8850,0.9600,-2.9860,98.9290,2.5140
Denmark,DNK,2025,3.0000,0.8840,0.9590,-2.9860,98.9290,2.5140
Dominican Republic,DOM,2020,2.0000,0.4490,0.8810,-1.3960,94.4290,2.2960
Dominican Republic,DOM,2021,2.0000,0.4840,0.8800,-1.3330,94.5710,2.2960
Dominican Republic,DOM,2024,2.0000,0.4950,0.8740,-0.4950,99.0000,1.8560
Dominican Republic,DOM,2025,2.0000,0.5050,0.8740,-1.4570,100.0000,1.8560
Algeria,DZA,2020,1.0000,0.1520,0.5520,-1.3970,98.3330,-0.1540
Algeria,DZA,2021,1.0000,0.1390,0.4800,-0.9090,98.3330,-0.1540
Algeria,DZA,2024,1.0000,0.1230,0.4180,-1.3450,98.3330,-0.1540
Algeria,DZA,2025,1.0000,0.1260,0.4240,,99.5000,-0.1540
Ecuador,ECU,2020,2.0000,0.4810,0.9020,-1.4520,94.3750,0.3690
Ecuador,ECU,2021,2.0000,0.4540,0.8920,-0.5620,94.1670,0.6260
Ecuador,ECU,2024,2.0000,0.4430,0.7560,1.0660,91.2500,0.8120
Ecuador,ECU,2025,2.0000,0.3860,0.6920,1.0660,90.0000,0.8120
Egypt,EGY,2020,1.0000,0.1170,0.2070,0.3960,93.8180,0.8610
Egypt,EGY,2021,1.0000,0.1160,0.2060,-0.0760,92.6000,0.4000
Egypt,EGY,2024,1.0000,0.1230,0.2430,-2.3090,94.5000,0.8710
Egypt,EGY,2025,1.0000,0.1150,0.2320,-2.3090,94.5000,0.8710
Eritrea,ERI,2020,0.0000,0.0100,0.0500,0.5220,91.5710,-0.4630
Eritrea,ERI,2021,0.0000,0.0100,0.0570,-0.9580,90.5710,-0.7770
Eritrea,ERI,2024,0.0000,0.0090,0.0480,-0.9480,97.2000,-0.8660
Eritrea,ERI,2025,0.0000,0.0090,0.0470,-1.6790,97.2000,-0.3810
Spain,ESP,2020,3.0000,0.7860,0.9410,-2.3920,99.8570,3.0260
Spain,ESP,2021,3.0000,0.7750,0.9380,-2.3920,99.4170,3.0260
Spain,ESP,2024,3.0000,0.7430,0.9470,-2.0700,99.9090,3.0260
Spain,ESP,2025,3.0000,0.7410,0.9420,-1.0440,99.9090,3.0260
Estonia,EST,2020,3.0000,0.8420,0.9570,-2.8120,100.0000,2.7260
Estonia,EST,2021,3.0000,0.8530,0.9630,-2.8120,100.0000,2.7260
Estonia,EST,2024,3.0000,0.8480,0.9630,-2.8120,100.0000,2.7260
Estonia,EST,2025,3.0000,0.8370,0.9630,-2.8120,100.0000,2.7260
Ethiopia,ETH,2020,1.0000,0.1520,0.5310,2.1970,73.2000,1.0100
Ethiopia,ETH,2021,1.0000,0.1360,0.4620,2.1440,61.2000,1.1440
Ethiopia,ETH,2024,1.0000,0.0930,0.2860,2.2680,69.4290,1.0600
Ethiopia,ETH,2025,1.0000,0.1000,0.3040,2.2680,68.3330,0.9430
Finland,FIN,2020,3.0000,0.8440,0.9620,-1.3970,100.0000,2.8260
Finland,FIN,2021,3.0000,0.8350,0.9550,-1.3970,100.0000,2.8260
Finland,FIN,2024,3.0000,0.7820,0.9440,-1.4680,100.0000,2.8260
Finland,FIN,2025,3.0000,0.8080,0.9470,-1.4680,100.0000,2.8260
Fiji,FJI,2020,1.0000,0.2760,0.6910,-2.0750,92.5710,1.5910
Fiji,FJI,2021,1.0000,0.2690,0.6840,-1.4450,93.2860,1.9300
Fiji,FJI,2024,2.0000,0.4100,0.7690,-1.8150,94.0000,1.9300
Fiji,FJI,2025,2.0000,0.3980,0.7740,-1.8150,95.0000,1.9300
France,FRA,2020,3.0000,0.7890,0.9170,0.6030,98.3330,2.5740
France,FRA,2021,3.0000,0.7890,0.9160,1.2710,98.3330,2.5740
France,FRA,2024,3.0000,0.8000,0.9150,0.4890,98.3330,2.5740
France,FRA,2025,3.0000,0.8000,0.9170,0.3430,98.3330,2.5740
Gabon,GAB,2020,1.0000,0.1960,0.8040,-0.3050,88.3330,-0.0640
Gabon,GAB,2021,1.0000,0.1990,0.8040,-0.3050,87.5000,-0.2810
Gabon,GAB,2024,0.0000,0.1510,0.7930,-2.0100,80.8330,-0.0670
Gabon,GAB,2025,1.0000,0.1780,0.7880,-2.0100,86.0000,-0.0670
United Kingdom,GBR,2020,3.0000,0.8000,0.8940,-1.5390,95.7780,2.3510
United Kingdom,GBR,2021,3.0000,0.7810,0.8820,-1.1530,95.6250,2.3510
United Kingdom,GBR,2024,2.0000,0.7500,0.8800,-1.5130,98.1430,2.3510
United Kingdom,GBR,2025,2.0000,0.6890,0.8440,-1.2540,99.3330,2.3510
Georgia,GEO,2020,2.0000,0.4700,0.9030,-0.4480,79.9000,0.9280
Georgia,GEO,2021,2.0000,0.4540,0.8870,-0.0970,80.8890,0.9280
Georgia,GEO,2024,1.0000,0.3270,0.7760,0.3790,83.1430,2.1650
Georgia,GEO,2025,1.0000,0.2750,0.7000,0.3520,83.1430,2.1650
Ghana,GHA,2020,2.0000,0.6040,0.9090,0.1860,95.2220,1.1270
Ghana,GHA,2021,2.0000,0.5540,0.8870,0.1860,95.3330,1.1270
Ghana,GHA,2024,2.0000,0.5600,0.8890,0.1350,95.5560,0.3500
Ghana,GHA,2025,2.0000,0.6060,0.9120,-0.5230,95.5560,1.4690
Guinea,GIN,2020,1.0000,0.1130,0.3800,3.0430,94.2860,-0.2960
Guinea,GIN,2021,1.0000,0.0980,0.3720,2.7750,89.8000,0.2360
Guinea,GIN,2024,0.0000,0.0750,0.3230,1.8160,89.8330,0.3930
Guinea,GIN,2025,0.0000,0.0950,0.3530,1.5620,88.7500,1.6280
The Gambia,GMB,2020,1.0000,0.4030,0.8370,-1.1830,93.8330,0.0310
The Gambia,GMB,2021,2.0000,0.4170,0.8560,-1.1830,94.1670,0.0310
The Gambia,GMB,2024,2.0000,0.5100,0.8790,-1.5720,94.6670,0.5820
The Gambia,GMB,2025,2.0000,0.5220,0.8800,-1.5720,94.6670,0.5820
Guinea-Bissau,GNB,2020,2.0000,0.3280,0.7960,-1.2640,81.0000,-1.1160
Guinea-Bissau,GNB,2021,2.0000,0.3210,0.8000,-1.8520,86.2500,-1.1160
Guinea-Bissau,GNB,2024,1.0000,0.1400,0.7160,-2.0280,85.0000,-1.1160
Guinea-Bissau,GNB,2025,0.0000,0.0950,0.5570,-1.4350,82.5000,-1.1160
Equatorial Guinea,GNQ,2020,1.0000,0.0510,0.2000,-0.1650,97.2860,-0.1120
Equatorial Guinea,GNQ,2021,1.0000,0.0510,0.1910,-0.2970,96.8570,-0.1120
Equatorial Guinea,GNQ,2024,1.0000,0.0490,0.1810,0.0260,96.8330,-0.1120
Equatorial Guinea,GNQ,2025,1.0000,0.0470,0.1690,0.0110,97.8330,-0.1120
Greece,GRC,2020,2.0000,0.6690,0.9080,0.4040,98.9290,1.8160
Greece,GRC,2021,2.0000,0.6300,0.8860,0.4040,98.9290,1.8160
Greece,GRC,2024,2.0000,0.5650,0.8750,0.2260,99.1430,1.9370
Greece,GRC,2025,2.0000,0.5680,0.8780,0.2800,98.5000,1.9370
Guatemala,GTM,2020,2.0000,0.4020,0.7320,0.0860,86.2140,1.4720
Guatemala,GTM,2021,2.0000,0.3590,0.7320,0.5050,85.0000,2.1960
Guatemala,GTM,2024,2.0000,0.4920,0.7380,0.4610,88.3330,2.1960
Guatemala,GTM,2025,2.0000,0.5230,0.7660,0.4610,88.3330,2.1960
Guyana,GUY,2020,2.0000,0.3860,0.9000,-1.4700,98.3330,1.1840
Guyana,GUY,2021,1.0000,0.3350,0.8680,-1.7970,98.3330,1.4630
Guyana,GUY,2024,1.0000,0.3140,0.8500,-1.7650,94.1670,0.9920
Guyana,GUY,2025,2.0000,0.3280,0.8470,-1.5200,98.0000,0.9920
Hong Kong,HKG,2020,0.0000,0.2040,0.6930,0.3380,,1.4690
Hong Kong,HKG,2021,0.0000,0.1680,0.6250,-1.5100,,1.4690
Hong Kong,HKG,2024,0.0000,0.1420,0.6190,-2.3640,,1.8150
Hong Kong,HKG,2025,0.0000,0.1420,0.6140,-2.6470,,1.8150
Honduras,HND,2020,1.0000,0.2330,0.7910,-0.7380,86.0000,1.1860
Honduras,HND,2021,1.0000,0.2480,0.7730,0.0640,84.1670,1.1860
Honduras,HND,2024,2.0000,0.3830,0.8210,-1.0460,88.5000,1.1860
Honduras,HND,2025,2.0000,0.3800,0.8190,-0.5160,86.5000,1.1860
Croatia,HRV,2020,2.0000,0.6470,0.8610,-1.1450,100.0000,1.8680
Croatia,HRV,2021,2.0000,0.6410,0.8780,-1.4810,100.0000,1.8080
Croatia,HRV,2024,2.0000,0.6070,0.8970,-2.2320,100.0000,1.8080
Croatia,HRV,2025,2.0000,0.5930,0.8860,-0.9070,100.0000,1.8080
Haiti,HTI,2020,1.0000,0.2370,0.7470,1.2950,87.5000,-0.6190
Haiti,HTI,2021,1.0000,0.2040,0.7480,2.6290,86.2500,-0.8260
Haiti,HTI,2024,0.0000,0.1010,0.7410,2.3170,59.5000,-0.8260
Haiti,HTI,2025,0.0000,0.0980,0.7430,2.3170,70.2500,-0.8260
Hungary,HUN,2020,1.0000,0.3510,0.8260,-2.3640,100.0000,2.6240
Hungary,HUN,2021,1.0000,0.3460,0.8280,-2.1380,100.0000,2.6240
Hungary,HUN,2024,1.0000,0.3250,0.8240,-2.1000,100.0000,2.6240
Hungary,HUN,2025,1.0000,0.3150,0.7930,-1.8480,100.0000,2.6240
Indonesia,IDN,2020,2.0000,0.4110,0.6970,0.2250,95.2500,1.6900
Indonesia,IDN,2021,2.0000,0.3980,0.7050,0.2150,93.4290,1.6900
Indonesia,IDN,2024,1.0000,0.3320,0.7000,-0.3280,94.4000,1.4420
Indonesia,IDN,2025,1.0000,0.2960,0.6300,-0.3280,95.2000,1.4420
India,IND,2020,1.0000,0.2920,0.5350,1.5490,92.5000,1.8970
India,IND,2021,1.0000,0.3070,0.5880,1.1840,92.6360,2.1990
India,IND,2024,1.0000,0.2810,0.5350,1.2640,94.2500,2.9660
India,IND,2025,1.0000,0.2600,0.5340,1.2650,95.0000,2.9660
Ireland,IRL,2020,3.0000,0.8240,0.9570,-1.9440,96.6670,2.6440
Ireland,IRL,2021,3.0000,0.8330,0.9540,-1.9440,95.5560,2.6440
Ireland,IRL,2024,3.0000,0.8300,0.9570,-1.0850,99.2000,2.6440
Ireland,IRL,2025,3.0000,0.8220,0.9560,-1.0850,98.4000,2.6440
Iran,IRN,2020,1.0000,0.1190,0.2370,-0.0870,88.0000,-0.2200
Iran,IRN,2021,0.0000,0.0910,0.2320,-0.0870,84.1670,-0.2200
Iran,IRN,2024,1.0000,0.0880,0.2520,0.1460,86.7500,-0.1370
Iran,IRN,2025,1.0000,0.1030,0.2480,0.0780,86.7500,-0.1370
Iraq,IRQ,2020,1.0000,0.2120,0.4160,2.6100,84.2500,-0.1030
Iraq,IRQ,2021,1.0000,0.2180,0.4710,2.4270,89.2500,-0.1030
Iraq,IRQ,2024,1.0000,0.2100,0.5150,2.2220,91.0000,-0.1030
Iraq,IRQ,2025,1.0000,0.2200,0.5210,1.0510,97.2500,-0.1030
Iceland,ISL,2020,3.0000,0.7840,0.9580,-1.6190,99.9230,2.6950
Iceland,ISL,2021,3.0000,0.7450,0.9520,-2.4950,99.6670,2.6950
Iceland,ISL,2024,3.0000,0.7570,0.9530,-3.1080,99.8330,2.6950
Iceland,ISL,2025,3.0000,0.7200,0.9500,-3.1080,99.8330,2.6950
Israel,ISR,2020,3.0000,0.6390,0.8400,-0.6280,94.2860,2.8790
Israel,ISR,2021,3.0000,0.6390,0.8390,-1.0970,96.5000,2.8790
Israel,ISR,2024,2.0000,0.5970,0.7890,-1.0970,93.5000,2.8790
Israel,ISR,2025,2.0000,0.5880,0.7870,-1.0970,94.8000,2.8790
Italy,ITA,2020,3.0000,0.7740,0.9120,-1.3490,94.7140,2.0340
Italy,ITA,2021,3.0000,0.7740,0.9120,-1.9410,92.5710,2.1710
Italy,ITA,2024,3.0000,0.6870,0.9070,-1.3360,87.1670,2.1710
Italy,ITA,2025,3.0000,0.6420,0.9000,-1.3360,87.4000,2.1710
Jamaica,JAM,2020,2.0000,0.7020,0.9080,-0.4560,95.1000,0.4750
Jamaica,JAM,2021,2.0000,0.6910,0.8960,-0.4560,95.1000,1.1730
Jamaica,JAM,2024,2.0000,0.6760,0.8790,-0.6500,95.1000,1.1730
Jamaica,JAM,2025,2.0000,0.6790,0.8760,-1.7170,95.1000,1.1730
Jordan,JOR,2020,0.0000,0.2400,0.6560,-0.5110,98.6250,-0.8920
Jordan,JOR,2021,0.0000,0.2490,0.6490,-0.5110,98.6250,-0.8920
Jordan,JOR,2024,0.0000,0.2700,0.6760,-0.6580,99.1670,-0.8920
Jordan,JOR,2025,0.0000,0.2740,0.6720,-0.6580,98.3330,-0.8760
Japan,JPN,2020,3.0000,0.7420,0.9100,-2.2170,97.5290,2.7500
Japan,JPN,2021,3.0000,0.7360,0.9090,-2.1010,97.5290,2.7500
Japan,JPN,2024,3.0000,0.7370,0.9250,-1.5070,96.2500,2.7500
Japan,JPN,2025,3.0000,0.7340,0.9250,-1.5070,96.2500,2.1460
Kazakhstan,KAZ,2020,1.0000,0.1170,0.5090,-0.1150,98.7140,0.9660
Kazakhstan,KAZ,2021,1.0000,0.1210,0.5140,0.1440,98.8330,0.9660
Kazakhstan,KAZ,2024,1.0000,0.1330,0.5150,-0.6860,100.0000,0.9660
Kazakhstan,KAZ,2025,1.0000,0.1310,0.5130,-0.6860,100.0000,0.9660
Kenya,KEN,2020,1.0000,0.4040,0.6990,0.7940,92.8890,1.8200
Kenya,KEN,2021,1.0000,0.4230,0.7420,0.8780,94.3330,1.8690
Kenya,KEN,2024,2.0000,0.4370,0.7410,0.9460,87.0000,1.8690
Kenya,KEN,2025,2.0000,0.4460,0.7400,0.9520,86.2000,1.8690
Kyrgyzstan,KGZ,2020,1.0000,0.2550,0.6520,0.2830,93.6160,0.8810
Kyrgyzstan,KGZ,2021,1.0000,0.2560,0.6600,-0.4530,99.1110,1.4490
Kyrgyzstan,KGZ,2024,1.0000,0.1850,0.5480,-2.4980,100.0000,1.2700
Kyrgyzstan,KGZ,2025,1.0000,0.1780,0.4780,-1.8900,99.8000,1.2620
Cambodia,KHM,2020,1.0000,0.0630,0.3500,-1.1570,92.1430,0.6100
Cambodia,KHM,2021,1.0000,0.0590,0.3250,-1.1640,92.1430,0.5210
Cambodia,KHM,2024,1.0000,0.0480,0.2560,-0.5450,90.0000,0.5210
Cambodia,KHM,2025,1.0000,0.0510,0.2600,-0.5950,87.6000,0.5210
South Korea,KOR,2020,3.0000,0.7820,0.9240,-1.4120,100.0000,2.7200
South Korea,KOR,2021,3.0000,0.7750,0.9290,-2.2350,98.8750,2.7200
South Korea,KOR,2024,2.0000,0.6270,0.8300,-0.7620,98.8750,2.7200
South Korea,KOR,2025,3.0000,0.7390,0.9120,-1.1120,98.8750,2.7200
Kuwait,KWT,2020,0.0000,0.2820,0.5170,-2.6440,98.3330,-0.0920
Kuwait,KWT,2021,0.0000,0.2740,0.5220,-2.6440,96.8330,-0.0920
Kuwait,KWT,2024,0.0000,0.1790,0.5080,-1.3990,97.6000,-0.0920
Kuwait,KWT,2025,0.0000,0.1270,0.4880,-1.3990,97.6000,-0.0920
Laos,LAO,2020,0.0000,0.0940,0.1410,-1.5150,97.2500,1.6470
Laos,LAO,2021,0.0000,0.1040,0.1330,-1.9050,96.2500,1.4230
Laos,LAO,2024,0.0000,0.1170,0.1480,-2.0730,95.7500,1.4950
Laos,LAO,2025,0.0000,0.1100,0.1440,-2.0730,98.2500,1.6320
Lebanon,LBN,2020,1.0000,0.2740,0.7080,1.4960,72.6000,-1.0230
Lebanon,LBN,2021,1.0000,0.2620,0.6720,1.9100,73.8890,-1.0230
Lebanon,LBN,2024,1.0000,0.2260,0.6710,2.2250,70.1110,-1.0420
Lebanon,LBN,2025,1.0000,0.2670,0.6890,2.2250,77.0000,-0.7950
Liberia,LBR,2020,2.0000,0.4190,0.8450,-0.4510,87.6670,0.1890
Liberia,LBR,2021,2.0000,0.4080,0.8370,-0.4510,91.5000,0.1890
Liberia,LBR,2024,2.0000,0.3980,0.8370,-0.4510,92.7500,0.1890
Liberia,LBR,2025,2.0000,0.4170,0.8380,-0.4510,91.7500,0.1890
Libya,LBY,2020,0.0000,0.1450,0.3130,3.2080,43.8750,-0.2480
Libya,LBY,2021,0.0000,0.1290,0.3160,3.2080,40.8570,-0.2480
Libya,LBY,2024,0.0000,0.1090,0.3320,3.2080,43.5000,-0.2480
Libya,LBY,2025,0.0000,0.0980,0.3230,2.2960,65.6000,-0.2480
Sri Lanka,LKA,2020,2.0000,0.3790,0.6650,-0.4890,99.1670,2.2570
Sri Lanka,LKA,2021,2.0000,0.3930,0.6480,-0.4850,100.0000,0.3140
Sri Lanka,LKA,2024,2.0000,0.4970,0.7940,-1.2530,99.0000,1.2270
Sri Lanka,LKA,2025,2.0000,0.6130,0.8160,-1.5110,98.8000,2.0150
Lesotho,LSO,2020,2.0000,0.5050,0.8060,-0.3150,86.6000,0.4740
Lesotho,LSO,2021,2.0000,0.4980,0.8070,-0.5870,96.0000,1.1010
Lesotho,LSO,2024,2.0000,0.5070,0.7930,-0.4130,92.2500,0.8680
Lesotho,LSO,2025,2.0000,0.5120,0.8350,-0.8910,94.4290,0.6700
Lithuania,LTU,2020,2.0000,0.7450,0.9240,-2.7040,100.0000,2.7230
Lithuania,LTU,2021,2.0000,0.7320,0.9070,-0.6510,100.0000,2.7230
Lithuania,LTU,2024,2.0000,0.7320,0.9180,-2.3670,100.0000,2.7230
Lithuania,LTU,2025,3.0000,0.7120,0.9130,-2.6640,100.0000,2.7230
Luxembourg,LUX,2020,3.0000,0.7860,0.9210,-3.0060,100.0000,1.8160
Luxembourg,LUX,2021,3.0000,0.7850,0.9240,-3.0060,100.0000,1.8160
Luxembourg,LUX,2024,3.0000,0.7810,0.9460,-3.1820,100.0000,1.8160
Luxembourg,LUX,2025,3.0000,0.7770,0.9460,-3.1820,100.0000,1.8160
Latvia,LVA,2020,3.0000,0.7370,0.9480,-2.6660,95.4290,2.6940
Latvia,LVA,2021,3.0000,0.7400,0.9480,-2.6660,95.8570,2.6940
Latvia,LVA,2024,3.0000,0.7590,0.9380,-2.6660,93.0000,2.6940
Latvia,LVA,2025,3.0000,0.7510,0.9400,-2.6660,96.6670,2.6940
Morocco,MAR,2020,0.0000,0.2380,0.6310,-1.0430,91.8330,-0.6000
Morocco,MAR,2021,0.0000,0.2400,0.6410,-0.6300,91.8330,-0.0720
Morocco,MAR,2024,0.0000,0.2520,0.6510,-0.7830,90.8000,0.3320
Morocco,MAR,2025,0.0000,0.2510,0.6450,0.5030,90.8000,0.3320
Moldova,MDA,2020,2.0000,0.5180,0.8270,-1.4560,76.7140,0.7170
Moldova,MDA,2021,2.0000,0.6180,0.8650,-1.4560,76.7140,0.7170
Moldova,MDA,2024,2.0000,0.5030,0.8630,0.0540,86.4000,0.7170
Moldova,MDA,2025,2.0000,0.4490,0.8420,-1.1430,88.5000,0.7170
Madagascar,MDG,2020,1.0000,0.2460,0.7330,0.6690,83.5710,-0.4550
Madagascar,MDG,2021,1.0000,0.2370,0.7310,0.6690,83.5710,-0.4550
Madagascar,MDG,2024,1.0000,0.2010,0.6890,-0.9670,84.5000,-0.4550
Madagascar,MDG,2025,1.0000,0.1870,0.6520,0.1100,84.5000,-0.4550
Maldives,MDV,2020,2.0000,0.4290,0.7370,-0.6120,96.2860,2.1960
Maldives,MDV,2021,2.0000,0.4240,0.7190,-0.0880,95.5000,1.7870
Maldives,MDV,2024,2.0000,0.4350,0.7460,-1.5310,94.8000,1.5560
Maldives,MDV,2025,2.0000,0.4160,0.7240,-0.7860,95.4000,1.5560
Mexico,MEX,2020,2.0000,0.4060,0.6970,0.5990,86.5000,1.9850
Mexico,MEX,2021,2.0000,0.3710,0.6770,0.9930,89.1430,1.9810
Mexico,MEX,2024,1.0000,0.2460,0.6300,1.8740,86.1670,1.9810
Mexico,MEX,2025,1.0000,0.2210,0.6260,2.0300,86.5000,1.9810
North Macedonia,MKD,2020,2.0000,0.4000,0.8170,-1.9410,94.4440,1.9260
North Macedonia,MKD,2021,2.0000,0.3890,0.8190,-1.9410,94.4440,1.9260
North Macedonia,MKD,2024,2.0000,0.3700,0.7940,-2.2990,94.4440,1.9260
North Macedonia,MKD,2025,2.0000,0.3740,0.7890,-2.2990,94.4440,1.9260
Mali,MLI,2020,1.0000,0.2540,0.7520,2.1850,80.6250,0.5750
Mali,MLI,2021,0.0000,0.1550,0.7500,2.1850,70.8330,0.5750
Mali,MLI,2024,0.0000,0.1410,0.6090,1.4150,80.0000,1.3600
Mali,MLI,2025,0.0000,0.1500,0.6090,1.5880,77.8000,1.1260
Malta,MLT,2020,2.0000,0.6050,0.8900,-1.8120,100.0000,2.5270
Malta,MLT,2021,2.0000,0.6050,0.8930,-2.4060,100.0000,2.5270
Malta,MLT,2024,2.0000,0.6210,0.9150,-2.4060,100.0000,2.5270
Malta,MLT,2025,2.0000,0.6210,0.9150,-2.4060,100.0000,2.5270
Burma/Myanmar,MMR,2020,1.0000,0.2520,0.4900,1.0900,81.2220,0.7600
Burma/Myanmar,MMR,2021,0.0000,0.0200,0.1140,1.5570,69.6250,-0.1450
Burma/Myanmar,MMR,2024,0.0000,0.0150,0.1020,3.3750,48.6670,-0.1450
Burma/Myanmar,MMR,2025,0.0000,0.0150,0.1020,3.3750,49.0000,-0.3980
Montenegro,MNE,2020,1.0000,0.3950,0.8150,-0.1910,99.8750,1.5230
Montenegro,MNE,2021,2.0000,0.4320,0.8680,-0.1910,100.0000,1.8150
Montenegro,MNE,2024,2.0000,0.5000,0.9010,-0.5200,98.5710,1.8150
Montenegro,MNE,2025,2.0000,0.5000,0.8810,-0.5200,98.5710,1.8150
Mongolia,MNG,2020,2.0000,0.5230,0.8600,-2.1730,98.2500,0.6400
Mongolia,MNG,2021,2.0000,0.4950,0.8500,-2.1730,98.2500,0.6400
Mongolia,MNG,2024,1.0000,0.3850,0.7530,-1.1580,98.2500,0.6400
Mongolia,MNG,2025,2.0000,0.4240,0.8010,-1.4210,99.0000,1.0010
Mozambique,MOZ,2020,1.0000,0.2380,0.6110,0.8630,86.7780,-0.2750
Mozambique,MOZ,2021,1.0000,0.2440,0.6080,1.3460,84.6670,-0.7260
Mozambique,MOZ,2024,1.0000,0.1890,0.4880,2.5430,87.0000,-0.4610
Mozambique,MOZ,2025,1.0000,0.1750,0.4830,1.7080,85.6670,-0.3230
Mauritania,MRT,2020,1.0000,0.2060,0.6320,-1.7210,88.7500,0.9280
Mauritania,MRT,2021,1.0000,0.1950,0.5800,-1.7210,88.7500,0.9280
Mauritania,MRT,2024,1.0000,0.1360,0.5310,-0.5110,87.8570,-0.0430
Mauritania,MRT,2025,1.0000,0.1270,0.5130,-1.4060,87.8570,-0.0430
Mauritius,MUS,2020,2.0000,0.4510,0.8090,-1.1700,85.8330,2.4810
Mauritius,MUS,2021,2.0000,0.4230,0.7500,-1.1700,85.8330,2.4810
Mauritius,MUS,2024,1.0000,0.3710,0.7060,-0.4210,87.6000,2.4810
Mauritius,MUS,2025,2.0000,0.6390,0.8730,-0.7040,85.0000,2.4810
Malawi,MWI,2020,2.0000,0.4620,0.8670,-0.8930,99.6000,0.2910
Malawi,MWI,2021,2.0000,0.5220,0.8720,-1.2020,99.7000,0.7020
Malawi,MWI,2024,2.0000,0.4720,0.7960,-0.3050,79.4290,0.9940
Malawi,MWI,2025,2.0000,0.4620,0.8060,-0.3050,89.8330,0.6950
Malaysia,MYS,2020,1.0000,0.3070,0.7110,-0.6620,97.1430,1.8360
Malaysia,MYS,2021,1.0000,0.3000,0.7250,-0.8400,97.1430,1.8360
Malaysia,MYS,2024,2.0000,0.3590,0.7430,-0.4970,98.5000,1.8360
Malaysia,MYS,2025,2.0000,0.3550,0.7390,-0.4970,98.7500,1.8360
Namibia,NAM,2020,2.0000,0.5160,0.8690,-1.9380,95.5000,1.4360
Namibia,NAM,2021,2.0000,0.5060,0.8650,-2.2810,94.6000,1.4360
Namibia,NAM,2024,2.0000,0.5160,0.8750,-1.9150,94.6000,1.2580
Namibia,NAM,2025,2.0000,0.5190,0.8830,-2.7500,97.7500,1.2580
Niger,NER,2020,2.0000,0.4010,0.7710,1.3180,59.5000,-0.2690
Niger,NER,2021,2.0000,0.4010,0.7840,0.4190,68.8750,0.4750
Niger,NER,2024,0.0000,0.1820,0.7620,-0.2730,83.1430,0.0350
Niger,NER,2025,0.0000,0.1770,0.6500,0.6800,80.8330,0.7010
Nigeria,NGA,2020,2.0000,0.3490,0.6450,1.8460,75.4550,1.1730
Nigeria,NGA,2021,1.0000,0.3310,0.6490,2.5490,83.0910,1.0840
Nigeria,NGA,2024,1.0000,0.3140,0.6790,1.1730,84.3000,1.0870
Nigeria,NGA,2025,2.0000,0.3110,0.6740,0.0840,78.2500,1.0550
Nicaragua,NIC,2020,1.0000,0.0450,0.2240,1.4930,91.0000,-0.5030
Nicaragua,NIC,2021,1.0000,0.0340,0.1760,1.2930,91.9000,-0.5970
Nicaragua,NIC,2024,1.0000,0.0200,0.0880,0.9810,82.6250,0.8520
Nicaragua,NIC,2025,1.0000,0.0190,0.0770,0.7530,82.6250,0.8520
Netherlands,NLD,2020,3.0000,0.8130,0.9290,-1.0760,99.4000,2.5980
Netherlands,NLD,2021,3.0000,0.8120,0.9290,-0.5390,99.0000,2.5980
Netherlands,NLD,2024,3.0000,0.7660,0.9040,-0.5790,99.0000,1.7260
Netherlands,NLD,2025,3.0000,0.7740,0.9120,-0.5790,99.0000,1.7260
Norway,NOR,2020,3.0000,0.8400,0.9290,-1.0670,99.1250,2.8810
Norway,NOR,2021,3.0000,0.8430,0.9300,-1.6780,99.1250,2.8810
Norway,NOR,2024,3.0000,0.8470,0.9470,-1.3110,99.1250,2.8810
Norway,NOR,2025,3.0000,0.8470,0.9470,-1.3110,98.0000,2.8810
Nepal,NPL,2020,2.0000,0.4770,0.7640,-0.5230,94.8000,0.9080
Nepal,NPL,2021,2.0000,0.4910,0.7640,-0.0820,95.8000,0.9880
Nepal,NPL,2024,2.0000,0.5200,0.7710,-0.4300,96.2220,1.1910
Nepal,NPL,2025,2.0000,0.5050,0.7420,-0.6630,95.6000,2.1350
New Zealand,NZL,2020,3.0000,0.8260,0.9500,-1.4580,99.8330,2.6290
New Zealand,NZL,2021,3.0000,0.8130,0.9450,-1.4580,99.8330,2.6290
New Zealand,NZL,2024,3.0000,0.8110,0.9520,-2.7630,99.8330,2.6290
New Zealand,NZL,2025,3.0000,0.7870,0.9480,-2.0260,99.8330,2.6290
Oman,OMN,2020,0.0000,0.1370,0.4430,-1.7880,94.5000,-0.0600
Oman,OMN,2021,0.0000,0.1400,0.4420,-2.9330,87.3330,0.1360
Oman,OMN,2024,0.0000,0.1390,0.4440,-2.5360,89.1670,0.0310
Oman,OMN,2025,0.0000,0.1400,0.4460,-2.5360,90.0000,0.0310
Pakistan,PAK,2020,1.0000,0.2530,0.4890,0.7410,84.9000,-1.1620
Pakistan,PAK,2021,1.0000,0.2480,0.5080,0.8540,84.3000,-1.1620
Pakistan,PAK,2024,1.0000,0.1930,0.4560,2.0200,86.0000,-1.3300
Pakistan,PAK,2025,1.0000,0.1760,0.4660,1.6160,78.9290,-1.7160
Panama,PAN,2020,2.0000,0.5330,0.8620,-1.6240,97.5000,1.1390
Panama,PAN,2021,2.0000,0.5440,0.8730,-1.6240,97.3330,1.1390
Panama,PAN,2024,2.0000,0.5780,0.8880,-0.9970,94.3330,1.1690
Panama,PAN,2025,2.0000,0.5750,0.8740,-0.9970,90.2500,1.1690
Peru,PER,2020,2.0000,0.7060,0.8750,-0.9270,90.1430,1.4920
Peru,PER,2021,2.0000,0.6600,0.8800,-0.3530,90.1430,1.4920
Peru,PER,2024,2.0000,0.5010,0.7910,-0.1160,88.0000,1.5990
Peru,PER,2025,2.0000,0.5060,0.8000,-0.0890,87.6000,1.5990
Philippines,PHL,2020,1.0000,0.2700,0.5070,-0.2580,94.2500,2.0030
Philippines,PHL,2021,1.0000,0.2710,0.4930,0.2160,95.4290,2.0030
Philippines,PHL,2024,1.0000,0.3010,0.5610,-0.3690,94.0000,0.6650
Philippines,PHL,2025,1.0000,0.2910,0.5610,-0.3690,95.0000,0.6650
Papua New Guinea,PNG,2020,1.0000,0.3590,0.8310,-0.6120,89.1670,0.1700
Papua New Guinea,PNG,2021,1.0000,0.3550,0.8110,-0.6120,86.0000,0.1700
Papua New Guinea,PNG,2024,1.0000,0.3800,0.8040,-0.3280,80.7500,0.1700
Papua New Guinea,PNG,2025,1.0000,0.3840,0.8050,-0.3280,71.0000,0.1700
Poland,POL,2020,2.0000,0.4500,0.8280,-0.7140,97.5000,2.6260
Poland,POL,2021,2.0000,0.4240,0.8140,-0.4910,97.5000,2.6260
Poland,POL,2024,2.0000,0.6130,0.9160,-1.3920,99.8750,2.6260
Poland,POL,2025,2.0000,0.6450,0.9180,-1.4590,100.0000,2.6260
North Korea,PRK,2020,0.0000,0.0140,0.0240,-2.1990,97.7780,-0.0120
North Korea,PRK,2021,0.0000,0.0140,0.0230,-2.1990,97.7780,-0.0120
North Korea,PRK,2024,0.0000,0.0140,0.0190,-2.5140,97.7780,-0.0120
North Korea,PRK,2025,0.0000,0.0140,0.0240,-2.7800,99.8330,-0.0120
Portugal,PRT,2020,3.0000,0.8060,0.9270,-3.0260,95.0000,2.9940
Portugal,PRT,2021,3.0000,0.8100,0.9240,-2.4760,95.0000,2.9940
Portugal,PRT,2024,2.0000,0.7540,0.9040,-1.4910,97.5000,2.9940
Portugal,PRT,2025,2.0000,0.7170,0.8360,-2.6700,97.5000,1.2700
Paraguay,PRY,2020,2.0000,0.4200,0.8010,-0.3940,80.1670,1.6230
Paraguay,PRY,2021,2.0000,0.4270,0.8010,-0.3190,78.3330,1.6230
Paraguay,PRY,2024,2.0000,0.3900,0.7920,-0.3190,80.0000,1.6230
Paraguay,PRY,2025,2.0000,0.3760,0.8050,-0.3190,76.0000,1.6230
Palestine/West Bank,PSE,2020,1.0000,0.1480,0.6360,0.6450,,-1.2150
Palestine/West Bank,PSE,2021,1.0000,0.1280,0.5500,0.2770,,-1.2150
Palestine/West Bank,PSE,2024,1.0000,0.1180,0.4250,1.4500,,-1.5640
Palestine/West Bank,PSE,2025,1.0000,0.1140,0.4240,0.2210,,-1.5640
Palestine/Gaza,PSG,2020,0.0000,0.0480,0.2560,0.8660,,-1.8180
Palestine/Gaza,PSG,2021,0.0000,0.0530,0.2790,1.2770,,-1.0360
Palestine/Gaza,PSG,2024,0.0000,0.0550,0.1070,2.8790,,-2.7140
Palestine/Gaza,PSG,2025,0.0000,0.0580,0.1680,2.4140,,-2.7140
Qatar,QAT,2020,0.0000,0.0830,0.4230,-1.7550,99.7140,-0.1180
Qatar,QAT,2021,0.0000,0.0810,0.3760,-1.9810,99.7140,-0.1180
Qatar,QAT,2024,0.0000,0.0950,0.3560,-2.0100,99.3330,-0.1180
Qatar,QAT,2025,0.0000,0.0910,0.3570,-2.0100,99.0000,-0.1150
Romania,ROU,2020,2.0000,0.6760,0.8920,-3.4010,97.8570,1.4640
Romania,ROU,2021,2.0000,0.6110,0.8980,-0.7400,97.8570,1.4640
Romania,ROU,2024,2.0000,0.4490,0.8710,-1.1790,97.7140,1.4640
Romania,ROU,2025,2.0000,0.4640,0.8770,-1.1010,97.7140,1.7340
Russia,RUS,2020,1.0000,0.0970,0.4230,0.8830,98.6000,0.1360
Russia,RUS,2021,1.0000,0.0940,0.4240,0.7110,98.1110,0.1360
Russia,RUS,2024,1.0000,0.0570,0.2600,1.0630,94.5000,0.1360
Russia,RUS,2025,1.0000,0.0560,0.2650,1.0500,95.2000,0.1360
Rwanda,RWA,2020,1.0000,0.1200,0.2680,-0.7700,99.8570,-0.0320
Rwanda,RWA,2021,1.0000,0.1100,0.2310,-0.7700,99.8570,-0.0320
Rwanda,RWA,2024,1.0000,0.0910,0.1760,0.5830,99.8570,-0.0320
Rwanda,RWA,2025,1.0000,0.0900,0.1940,0.5830,99.8570,-0.0320
Saudi Arabia,SAU,2020,0.0000,0.0450,0.1470,-1.2950,99.4290,0.1710
Saudi Arabia,SAU,2021,0.0000,0.0450,0.1470,-1.5390,96.0000,0.1710
Saudi Arabia,SAU,2024,0.0000,0.0470,0.1720,-1.6370,88.3330,-0.2760
Saudi Arabia,SAU,2025,0.0000,0.0470,0.1780,-1.6370,98.8000,-0.2760
Sudan,SDN,2020,0.0000,0.0540,0.2580,0.8100,75.4290,-0.3880
Sudan,SDN,2021,0.0000,0.0510,0.2510,0.6190,71.8330,-0.3880
Sudan,SDN,2024,0.0000,0.0300,0.1860,1.1950,55.4000,-0.8620
Sudan,SDN,2025,0.0000,0.0340,0.1710,1.3640,49.7500,-0.8620
Senegal,SEN,2020,2.0000,0.5630,0.8720,-1.0910,89.6250,-0.1550
Senegal,SEN,2021,2.0000,0.5580,0.8810,-0.9130,89.6250,-0.2320
Senegal,SEN,2024,2.0000,0.4610,0.8020,-0.6980,85.0000,1.0550
Senegal,SEN,2025,2.0000,0.4840,0.8120,-0.7770,90.7500,0.9520
Singapore,SGP,2020,1.0000,0.3320,0.7120,-2.4740,92.8570,1.7730
Singapore,SGP,2021,1.0000,0.3290,0.6980,-2.9060,92.8570,1.7730
Singapore,SGP,2024,1.0000,0.3480,0.7140,-2.5090,95.0000,1.7730
Singapore,SGP,2025,1.0000,0.3600,0.7170,-2.2190,95.0000,1.7730
Solomon Islands,SLB,2020,2.0000,0.4940,0.8360,-2.3660,91.8570,-0.5750
Solomon Islands,SLB,2021,2.0000,0.5010,0.8330,-0.8890,93.8570,-0.7860
Solomon Islands,SLB,2024,2.0000,0.5360,0.8570,-1.8420,93.6000,-0.5670
Solomon Islands,SLB,2025,2.0000,0.5390,0.8570,-1.3200,90.6670,-0.5670
Sierra Leone,SLE,2020,2.0000,0.4260,0.8050,0.3060,93.5710,0.3580
Sierra Leone,SLE,2021,2.0000,0.4360,0.8400,0.2510,96.2860,0.8850
Sierra Leone,SLE,2024,1.0000,0.3630,0.8240,0.4020,96.6000,1.5540
Sierra Leone,SLE,2025,1.0000,0.3480,0.7920,0.4020,95.5000,1.5540
El Salvador,SLV,2020,2.0000,0.3160,0.6630,0.0260,92.1430,0.7510
El Salvador,SLV,2021,1.0000,0.1560,0.5750,0.4170,90.8330,1.2270
El Salvador,SLV,2024,1.0000,0.0900,0.4840,0.6930,95.2000,1.2270
El Salvador,SLV,2025,1.0000,0.0900,0.5110,,100.0000,1.2270
Somaliland,SML,2020,1.0000,0.2430,0.6800,0.1560,,1.1080
Somaliland,SML,2021,1.0000,0.2500,0.6870,-0.0640,,1.1080
Somaliland,SML,2024,1.0000,0.2720,0.6190,0.7700,,1.1080
Somaliland,SML,2025,1.0000,0.2970,0.6290,,,1.1080
Somalia,SOM,2020,0.0000,0.1050,0.2940,1.5940,56.6430,-1.6180
Somalia,SOM,2021,0.0000,0.1110,0.3180,1.5940,64.6670,-0.8080
Somalia,SOM,2024,0.0000,0.1270,0.4240,2.7150,61.2000,-1.4980
Somalia,SOM,2025,0.0000,0.1280,0.4540,2.7150,74.6670,-1.4980
Serbia,SRB,2020,1.0000,0.2440,0.7790,0.4410,91.6000,1.6120
Serbia,SRB,2021,1.0000,0.2360,0.7680,1.0070,92.9000,1.8340
Serbia,SRB,2024,1.0000,0.2250,0.7750,1.0100,93.8890,1.8520
Serbia,SRB,2025,1.0000,0.2080,0.7300,1.3320,94.8570,1.8520
South Sudan,SSD,2020,0.0000,0.0690,0.1860,1.3840,75.2860,-0.3860
South Sudan,SSD,2021,0.0000,0.0580,0.2020,2.3510,74.6000,-0.3860
South Sudan,SSD,2024,0.0000,0.0710,0.2430,2.0690,70.0000,-1.0180
South Sudan,SSD,2025,0.0000,0.0640,0.2280,2.7060,65.0000,-1.0180
Sao Tome and Principe,STP,2020,2.0000,0.5570,0.9050,-1.0800,99.2860,-0.2210
Sao Tome and Principe,STP,2021,2.0000,0.5540,0.9030,-1.0800,99.2860,-0.2210
Sao Tome and Principe,STP,2024,2.0000,0.5190,0.8920,-0.9530,100.0000,-0.1340
Sao Tome and Principe,STP,2025,2.0000,0.5190,0.8920,-1.1370,100.0000,-0.1340
Suriname,SUR,2020,2.0000,0.6280,0.8700,-2.1900,71.6670,-0.7420
Suriname,SUR,2021,2.0000,0.6390,0.8930,-0.7590,73.3330,-0.8930
Suriname,SUR,2024,2.0000,0.6340,0.9100,-0.3810,69.2000,-0.4490
Suriname,SUR,2025,2.0000,0.6260,0.9130,-0.3810,65.0000,0.4900
Slovakia,SVK,2020,3.0000,0.7570,0.8900,-1.4200,100.0000,2.6010
Slovakia,SVK,2021,3.0000,0.7570,0.8930,-2.3280,100.0000,2.6010
Slovakia,SVK,2024,2.0000,0.5900,0.8610,-1.1950,99.8330,2.6010
Slovakia,SVK,2025,2.0000,0.5730,0.8570,-1.7940,100.0000,2.6010
Slovenia,SVN,2020,3.0000,0.6650,0.8670,-0.7810,99.5710,2.3070
Slovenia,SVN,2021,2.0000,0.6240,0.8590,-0.6030,99.5710,2.3070
Slovenia,SVN,2024,2.0000,0.6300,0.8890,-1.1050,99.5710,2.3070
Slovenia,SVN,2025,2.0000,0.5890,0.8830,-0.9120,99.5710,2.3070
Sweden,SWE,2020,3.0000,0.8680,0.9640,-2.2420,99.4550,3.1350
Sweden,SWE,2021,3.0000,0.8660,0.9640,-1.9860,99.4550,3.1350
Sweden,SWE,2024,3.0000,0.8460,0.9610,-1.5640,99.0000,3.1350
Sweden,SWE,2025,3.0000,0.8530,0.9600,-1.5640,99.0000,3.1350
Eswatini,SWZ,2020,0.0000,0.1150,0.3160,-1.5870,95.0000,1.1940
Eswatini,SWZ,2021,0.0000,0.0950,0.2040,-1.0950,95.0000,1.1940
Eswatini,SWZ,2024,0.0000,0.1010,0.2050,-0.5880,95.0000,0.9510
Eswatini,SWZ,2025,0.0000,0.0970,0.2060,-0.5880,95.0000,0.9510
Seychelles,SYC,2020,3.0000,0.5750,0.8530,-1.5330,97.5000,1.6360
Seychelles,SYC,2021,3.0000,0.6340,0.8530,-1.5330,97.5000,1.3350
Seychelles,SYC,2024,3.0000,0.6520,0.9040,-2.9870,95.7500,1.7740
Seychelles,SYC,2025,3.0000,0.6800,0.9040,-2.9870,99.5000,1.7740
Syria,SYR,2020,0.0000,0.0310,0.0650,3.1850,66.8890,-0.9620
Syria,SYR,2021,0.0000,0.0330,0.0720,3.1850,66.8890,-0.9620
Syria,SYR,2024,0.0000,0.0540,0.1340,1.7500,72.5000,-1.2980
Syria,SYR,2025,0.0000,0.0540,0.3210,1.7500,67.7500,-0.8250
Chad,TCD,2020,1.0000,0.0880,0.3530,2.0890,83.2000,0.7580
Chad,TCD,2021,1.0000,0.0540,0.3160,2.9080,80.0000,0.7580
Chad,TCD,2024,1.0000,0.0540,0.3030,2.9080,81.6670,0.7580
Chad,TCD,2025,1.0000,0.0620,0.2840,2.9080,85.3330,0.7580
Togo,TGO,2020,1.0000,0.2330,0.7270,-0.0830,83.9090,2.0260
Togo,TGO,2021,1.0000,0.2140,0.7050,-0.0920,91.2860,2.0260
Togo,TGO,2024,1.0000,0.1670,0.5770,-0.6260,87.8570,2.0260
Togo,TGO,2025,1.0000,0.1570,0.6000,0.3530,83.0000,2.0260
Thailand,THA,2020,0.0000,0.1870,0.3960,0.6600,97.5000,2.6620
Thailand,THA,2021,0.0000,0.1870,0.4020,0.6600,97.5000,1.8180
Thailand,THA,2024,1.0000,0.3060,0.4990,-0.4110,95.4290,1.8180
Thailand,THA,2025,1.0000,0.3140,0.4780,-0.4110,97.0000,1.8180
Tajikistan,TJK,2020,1.0000,0.0410,0.2090,-0.8260,94.0000,-0.0000
Tajikistan,TJK,2021,1.0000,0.0390,0.1970,-0.5210,91.5000,-0.4090
Tajikistan,TJK,2024,1.0000,0.0410,0.1740,-0.2670,97.6000,-0.2310
Tajikistan,TJK,2025,1.0000,0.0430,0.1690,-0.0600,94.0000,0.6520
Turkmenistan,TKM,2020,1.0000,0.0330,0.1040,-2.6710,98.1430,0.3420
Turkmenistan,TKM,2021,1.0000,0.0330,0.1090,-2.6710,98.1430,0.4640
Turkmenistan,TKM,2024,0.0000,0.0340,0.1140,-2.6710,98.1430,0.9640
Turkmenistan,TKM,2025,0.0000,0.0340,0.1120,-2.6710,99.7500,0.9640
Timor-Leste,TLS,2020,2.0000,0.4920,0.8110,-0.9080,94.1670,-0.5060
Timor-Leste,TLS,2021,2.0000,0.5010,0.8280,-0.9080,94.1670,-0.5060
Timor-Leste,TLS,2024,2.0000,0.5450,0.8740,-0.3130,95.6670,-0.5060
Timor-Leste,TLS,2025,2.0000,0.5490,0.8730,-0.3130,95.6670,-0.5060
Trinidad and Tobago,TTO,2020,3.0000,0.6720,0.8930,-2.1760,93.7500,0.7050
Trinidad and Tobago,TTO,2021,2.0000,0.6720,0.9040,-2.1760,93.5000,0.7050
Trinidad and Tobago,TTO,2024,3.0000,0.6530,0.8900,-1.7990,92.5000,0.7050
Trinidad and Tobago,TTO,2025,3.0000,0.6680,0.8880,-1.7990,92.5000,0.7050
Tunisia,TUN,2020,2.0000,0.6230,0.7920,-0.3530,95.1000,-0.8170
Tunisia,TUN,2021,2.0000,0.4640,0.7910,-0.3530,95.1000,-0.8170
Tunisia,TUN,2024,1.0000,0.2710,0.6980,-0.1270,94.1250,-0.3860
Tunisia,TUN,2025,1.0000,0.2650,0.6850,-0.1270,94.1250,0.3700
Türkiye,TUR,2020,1.0000,0.1150,0.3640,1.1600,94.2860,2.6010
Türkiye,TUR,2021,1.0000,0.1130,0.3610,1.3510,94.8570,2.6010
Türkiye,TUR,2024,1.0000,0.1090,0.4000,0.8910,95.8330,0.9590
Türkiye,TUR,2025,1.0000,0.1100,0.4020,0.8540,94.8000,0.5540
Taiwan,TWN,2020,3.0000,0.7190,0.9340,-1.7230,98.7500,2.7370
Taiwan,TWN,2021,3.0000,0.7110,0.9340,-1.8620,98.7500,2.7370
Taiwan,TWN,2024,3.0000,0.7070,0.9310,-1.8620,98.7500,2.7370
Taiwan,TWN,2025,3.0000,0.7040,0.9300,-2.1460,100.0000,2.7370
Tanzania,TZA,2020,1.0000,0.3300,0.6410,-0.8440,97.1240,0.7590
Tanzania,TZA,2021,1.0000,0.3240,0.6780,-1.1310,96.8750,0.8340
Tanzania,TZA,2024,1.0000,0.3570,0.7800,-0.6880,94.8000,1.0400
Tanzania,TZA,2025,1.0000,0.2970,0.6730,0.2820,97.8000,1.0400
Uganda,UGA,2020,1.0000,0.1920,0.4370,-0.1360,97.4000,0.7610
Uganda,UGA,2021,1.0000,0.1800,0.4130,0.0970,95.8570,0.7610
Uganda,UGA,2024,1.0000,0.1680,0.3850,-0.1590,94.2860,0.7610
Uganda,UGA,2025,1.0000,0.1650,0.3150,0.4010,94.2860,0.7610
Ukraine,UKR,2020,2.0000,0.3250,0.7570,1.6670,84.5000,1.1090
Ukraine,UKR,2021,2.0000,0.3230,0.7620,1.2880,84.5000,1.6090
Ukraine,UKR,2024,1.0000,0.2300,0.5520,0.7280,72.8330,0.1670
Ukraine,UKR,2025,1.0000,0.2400,0.5780,1.0690,69.0000,-0.5210
Uruguay,URY,2020,3.0000,0.8080,0.9500,-3.3040,99.0450,2.3360
Uruguay,URY,2021,3.0000,0.7890,0.9390,-3.3040,99.7690,2.3360
Uruguay,URY,2024,3.0000,0.7680,0.9260,-3.1260,99.9170,2.3360
Uruguay,URY,2025,3.0000,0.7900,0.9320,-3.1260,99.9170,2.3360
United States of America,USA,2020,3.0000,0.7340,0.9170,0.6050,97.4620,2.3770
United States of America,USA,2021,3.0000,0.7560,0.9380,0.1600,97.4620,2.3770
United States of America,USA,2024,3.0000,0.7510,0.9270,0.3310,97.4620,2.3770
United States of America,USA,2025,2.0000,0.5710,0.8260,0.7520,97.4620,2.3770
Uzbekistan,UZB,2020,0.0000,0.0830,0.3620,-2.2560,100.0000,0.3440
Uzbekistan,UZB,2021,0.0000,0.0780,0.3630,-2.6960,98.8000,0.3440
Uzbekistan,UZB,2024,0.0000,0.0740,0.3680,-1.6300,98.2500,0.3440
Uzbekistan,UZB,2025,0.0000,0.0790,0.3690,-2.3020,98.2500,0.3440
Venezuela,VEN,2020,1.0000,0.0560,0.3230,1.6780,86.1250,-0.1200
Venezuela,VEN,2021,1.0000,0.0560,0.3380,1.5770,86.7140,-0.1200
Venezuela,VEN,2024,1.0000,0.0460,0.3350,2.5410,87.5000,-0.1710
Venezuela,VEN,2025,1.0000,0.0420,0.3070,2.6520,84.0000,-0.1710
Vietnam,VNM,2020,1.0000,0.1060,0.3870,-1.8600,98.2000,1.3790
Vietnam,VNM,2021,0.0000,0.1090,0.3620,-1.5590,99.8000,2.1810
Vietnam,VNM,2024,0.0000,0.1090,0.3780,-1.7140,98.8000,1.9920
Vietnam,VNM,2025,0.0000,0.1020,0.3840,-2.0600,98.0000,1.9920
Vanuatu,VUT,2020,2.0000,0.6590,0.8760,-1.7150,99.1430,0.1630
Vanuatu,VUT,2021,2.0000,0.6730,0.8830,-1.7150,99.1430,0.1630
Vanuatu,VUT,2024,2.0000,0.6860,0.8920,,99.1430,-1.8500
Vanuatu,VUT,2025,2.0000,0.6230,0.8810,,99.1430,-1.0060
Kosovo,XKX,2020,2.0000,0.4930,0.8280,-0.3030,88.0000,-0.5300
Kosovo,XKX,2021,2.0000,0.4940,0.8280,-0.4540,86.6670,-0.5300
Kosovo,XKX,2024,2.0000,0.4710,0.8090,1.0050,88.0000,-0.5300
Kosovo,XKX,2025,2.0000,0.4570,0.8140,0.1380,91.5000,-0.5300
Yemen,YEM,2020,0.0000,0.0330,0.1280,2.7610,53.8000,-1.6120
Yemen,YEM,2021,0.0000,0.0330,0.1350,2.7610,50.9000,-1.5130
Yemen,YEM,2024,0.0000,0.0470,0.2170,3.0860,54.2220,-1.4730
Yemen,YEM,2025,0.0000,0.0430,0.1920,3.0860,47.5570,-1.4730
South Africa,ZAF,2020,2.0000,0.6040,0.8260,0.5360,95.0000,2.3150
South Africa,ZAF,2021,2.0000,0.6090,0.8380,0.7430,99.3750,2.3150
South Africa,ZAF,2024,2.0000,0.6480,0.8670,-0.3670,96.4290,2.3150
South Africa,ZAF,2025,2.0000,0.6330,0.8570,-0.6610,94.8000,2.3150
Zambia,ZMB,2020,1.0000,0.2920,0.7090,1.5550,96.0000,1.1560
Zambia,ZMB,2021,1.0000,0.3390,0.7490,2.2650,96.0000,1.5550
Zambia,ZMB,2024,2.0000,0.3900,0.8260,0.2960,96.0000,1.5550
Zambia,ZMB,2025,1.0000,0.3750,0.7730,1.0800,93.7500,1.5550
Zimbabwe,ZWE,2020,1.0000,0.1920,0.4360,0.1610,100.0000,1.2160
Zimbabwe,ZWE,2021,1.0000,0.1940,0.4130,0.4270,99.2860,1.2160
Zimbabwe,ZWE,2024,1.0000,0.1560,0.3800,0.1200,99.2860,1.4300
Zimbabwe,ZWE,2025,1.0000,0.1470,0.3810,0.2530,99.0000,1.4300
Zanzibar,ZZB,2020,1.0000,0.2130,0.5840,0.8350,,0.4830
Zanzibar,ZZB,2021,1.0000,0.2270,0.6360,-0.2450,,-0.3280
Zanzibar,ZZB,2024,1.0000,0.2470,0.6500,-0.5840,,0.7470
Zanzibar,ZZB,2025,1.0000,0.2530,0.6480,-0.1240,,0.7470
